historical_success_rate,files_changed,lines_added,lines_deleted,test_count,test_coverage,hour_of_day,day_of_week,previous_status,dependency_count,failed,duration
0.8123620356542087,47,124,283,33,0.924054617507815,23,4,1,31,0,249.31632823562202
0.9852142919229748,12,113,180,91,0.9735807314501239,19,3,1,48,0,306.09701890412686
0.9195981825434215,16,127,154,72,0.9424275588480022,20,5,1,44,0,292.23020982864705
0.8795975452591109,24,14,277,114,0.8695334879696863,20,0,1,42,1,345.25475813261903
0.7468055921327309,19,477,112,66,0.638732339862477,21,4,1,34,1,213.19027934440103
0.7467983561008608,8,369,143,145,0.6408080210528159,2,5,1,48,0,347.33095356044885
0.7174250836504598,31,257,275,71,0.981680160223019,4,3,1,31,0,287.07375415211317
0.9598528437324805,21,373,293,166,0.505142247967846,15,3,1,25,0,321.09540417195876
0.8803345035229626,17,330,216,26,0.8580249866210723,17,4,1,24,1,140.98518688581663
0.9124217733388136,23,130,276,75,0.8531230812776311,16,0,1,8,0,242.13586987510047
0.7061753482887407,37,295,70,15,0.8113447704748987,10,3,1,15,1,150.68466888620998
0.9909729556485982,16,158,252,67,0.9950544230434328,16,2,1,17,0,179.32914359042266
0.9497327922401265,6,93,160,78,0.6559397178818627,15,5,1,13,0,134.3107686669364
0.7637017332034828,8,463,51,165,0.6699859318966241,22,4,0,8,1,319.84741136266433
0.7545474901621302,25,415,205,71,0.5394697014732778,1,1,1,16,0,228.77655741388915
0.7550213529560301,18,475,152,178,0.7213990682718687,3,1,1,13,0,355.6959382467679
0.7912726728878613,25,465,128,91,0.630524263117424,20,0,1,17,0,237.4888053404637
0.8574269294896714,12,240,5,178,0.6716933510888221,6,2,1,30,1,392.44024493882756
0.8295835055926347,15,297,251,186,0.9172858951278138,1,3,1,42,0,432.027578827923
0.7873687420594125,26,170,132,186,0.9677422567637479,5,1,1,46,0,449.5347817903134
0.8835558684167139,41,281,195,80,0.5928665360025929,16,0,1,17,0,272.12669863009626
0.7418481581956126,45,469,71,140,0.6862544657767329,6,5,1,43,0,427.9868268683558
0.7876433945605654,26,47,8,19,0.964315281057697,4,2,1,32,0,186.93887929317575
0.8099085529881075,47,235,298,107,0.5309042303446113,4,2,1,23,1,321.0775351888047
0.8368209952651108,32,151,147,98,0.5461802640556892,19,6,1,28,0,304.23638764093687
0.935552788417904,10,301,195,44,0.5813954946031147,15,0,0,23,1,154.710145386845
0.7599021346475079,16,490,25,11,0.7976064170634374,18,0,1,17,0,97.64900295820917
0.8542703315240835,7,160,231,133,0.5752361355029987,8,6,1,17,0,265.0997919095504
0.8777243706586128,17,123,121,33,0.9840381907253668,4,3,1,32,0,238.7173938092609
0.7139351238159993,23,246,146,83,0.7233572636292602,7,0,1,6,0,204.54813971963875
0.8822634555704315,26,75,43,175,0.7507589801750831,8,6,0,14,1,408.22115833799046
0.7511572371061874,21,370,256,31,0.6233293079027032,4,3,1,26,0,166.33795171983635
0.7195154778955838,22,350,211,163,0.7354801262173667,9,3,1,17,1,333.3188406127096
0.984665661176,7,267,214,180,0.8309568163185057,1,4,1,13,0,301.5160588324905
0.9896896099223678,14,484,119,192,0.8755885684770214,8,2,1,37,0,459.0646239324512
0.9425192044349383,15,258,229,48,0.8769340413549565,10,5,1,18,0,137.89630185701787
0.7913841307520112,7,466,138,166,0.7889455563470442,3,2,1,24,0,371.1912151477338
0.7293016342019151,9,458,255,29,0.9521798874969286,21,2,0,19,1,98.17623338459404
0.905269907953647,48,340,223,50,0.9087039236530547,21,4,1,36,0,296.73319737264853
0.8320457481218804,8,332,95,191,0.8785240573493127,21,3,1,37,0,381.6798503305271
0.7366114704534336,23,189,50,157,0.5278027608402303,1,3,1,21,0,335.66088596818673
0.848553073033381,29,199,42,117,0.5034389811098247,22,0,1,28,0,317.9416305889265
0.7103165563345655,18,416,146,156,0.6062236385977364,5,4,1,34,0,360.05017968593023
0.9727961206236346,31,163,104,93,0.8317617969567261,13,0,1,17,0,249.1134679633208
0.777633994480005,30,205,194,120,0.7055987444412729,0,4,1,20,0,296.7090978884228
0.8987566853061946,39,475,39,75,0.7012031296496559,17,0,1,6,0,224.63867100060128
0.7935133228268233,35,320,151,167,0.9422934441148069,6,1,1,21,0,341.76496422026514
0.8560204063533432,18,271,34,62,0.9477814240659194,0,6,1,36,0,225.74160543943873
0.8640130838029838,42,428,88,43,0.9545876320267929,0,2,1,47,0,314.59272695541915
0.7554563366576581,39,415,285,159,0.6569390382575137,0,2,1,12,0,363.7495984663319
0.9908753883293675,17,436,274,76,0.8455279063696308,23,5,0,7,0,194.42572524254027
0.9325398470083344,14,152,158,143,0.6358165906371849,3,6,1,16,0,305.6757870954537
0.9818496824692567,31,351,106,36,0.5953049165372248,3,3,1,24,0,166.3296978598038
0.9684482051282947,24,325,219,19,0.5923162286736846,17,5,1,20,0,149.71794342239153
0.8793699936433255,35,110,154,82,0.671053810431797,10,1,1,18,0,249.00385600185524
0.976562270506935,44,253,87,105,0.7149788098899108,0,5,1,20,0,350.8612266358598
0.7265477506155759,45,499,114,57,0.9154745855275341,9,2,1,47,0,332.5432916498882
0.7587948587257435,34,21,279,79,0.5599455467363561,8,3,1,37,0,307.967348153552
0.7135681866731614,3,248,205,196,0.8674629236974472,22,1,1,34,1,415.3884852668262
0.7975990992289793,37,58,288,109,0.7657274570946526,3,2,0,16,0,294.8769108333325
0.8166031869068446,43,51,177,68,0.6439726713379963,5,6,1,19,0,253.83602255492147
0.7814047095321688,40,175,210,11,0.7464097922664124,15,0,1,22,1,157.17413261206164
0.9486212527455788,26,91,67,166,0.6499710348885113,1,4,1,32,0,407.7094577404
0.8070259980080767,23,438,77,74,0.798040977619153,22,1,1,27,0,256.9693336054539
0.7842803529062142,44,300,255,92,0.7169219614276221,17,3,0,18,0,301.2065613806417
0.8628088249474746,39,167,128,163,0.5822027645394394,9,5,1,34,0,443.28233639207025
0.7422772674924287,15,225,125,19,0.5582915372778483,23,6,0,37,0,199.66127292304145
0.9406590942262119,49,499,279,62,0.773347841036065,23,5,1,49,1,360.4578424660785
0.7223651931039312,4,167,124,88,0.9512065166430517,16,1,0,19,1,209.5703582820154
0.9960660809801551,29,471,168,68,0.6719788432788427,12,6,1,11,0,170.12678400672596
0.9316734307889972,22,143,290,159,0.8665000536113117,23,3,1,19,0,316.6346335434183
0.7596147044602517,25,76,269,188,0.8293306774698834,17,1,1,46,0,465.03731193477296
0.7016566351370807,13,345,165,57,0.9657774571547405,21,3,1,42,0,238.43507372095436
0.9446384285364502,18,16,93,158,0.9104905086495705,12,5,0,48,1,444.9600306240652
0.9120572031542851,33,445,146,132,0.7833026294527314,16,2,1,15,0,253.40586228408927
0.9187021504122962,16,23,207,31,0.8285152491170537,4,6,1,33,1,156.83587474513809
0.9313811040057838,45,82,231,109,0.9491932332920174,10,0,1,35,1,354.6155817107033
0.7222133955202271,42,408,226,107,0.6997593922934674,6,2,0,29,1,311.56284742734624
0.8075397185632818,44,414,45,167,0.6633973529288887,9,0,1,28,0,406.5378532325947
0.7347607178575388,2,172,200,34,0.5054055418175982,16,5,1,23,0,114.01675808229128
0.958931027762678,35,75,72,37,0.9132755370957322,14,6,1,6,0,124.58348271851463
0.8869894380482674,42,356,268,122,0.9004903502016824,17,2,1,26,1,329.5515134516905
0.7992694074557947,34,139,6,54,0.5522272590500756,22,2,1,24,1,248.26465127388903
0.7190675050858071,30,428,129,77,0.7884286905663501,21,1,1,37,0,298.78636680323956
0.7932946965146986,13,475,114,16,0.7319908490834437,18,4,1,12,0,101.27886689484008
0.7975549966080241,13,215,90,58,0.5593545477545557,1,5,1,29,0,199.3175448508409
0.9188818535014192,18,285,124,146,0.9902841135303617,3,3,1,13,1,314.22210425343525
0.8912672414065639,32,475,131,173,0.6073479437316778,2,5,1,38,0,454.45596635945566
0.9661638227728979,32,265,259,92,0.5336170900452806,6,3,1,27,0,294.97075828880725
0.8416644775485848,35,275,187,138,0.7974236897509548,23,6,1,9,1,290.9167188971578
0.7358782737814905,39,34,20,147,0.8694333385665163,17,3,0,29,0,376.6592570322025
0.9139734361668985,46,459,66,173,0.5162217230235935,9,0,1,12,0,408.6626019746474
0.9282355145850693,29,290,162,82,0.8293588193635111,6,3,1,20,1,230.6653251709809
0.8683831592708489,49,262,272,55,0.7661459379757272,7,3,1,49,0,301.7295172747109
0.9312901539863683,29,319,39,115,0.5516325044375242,5,1,1,19,0,276.7796385047204
0.8481386789093173,44,298,271,169,0.5862619384731811,21,2,1,5,0,387.6881136443824
0.8568198488145982,16,173,68,41,0.7839871486580403,0,5,1,26,0,160.79926671216808
0.8282623055075649,44,104,54,15,0.6481788067566442,3,5,1,7,0,138.05309583973386
0.7076257380232285,47,279,259,185,0.969157864325658,13,6,1,42,0,485.186241492571
0.7323674280979913,10,330,153,175,0.9093701147420254,16,6,1,18,0,351.7685110897073
0.7094287557060203,30,119,280,154,0.9917836032568315,19,3,1,40,0,421.73598381406043
0.8909231233791342,25,345,176,83,0.6298354194752069,17,4,1,22,0,210.67630517669275
0.794306794322898,39,319,205,123,0.9848618163989885,10,5,0,45,0,402.8606397417196
0.8525712073494108,20,247,39,36,0.7156169348957789,20,6,1,22,0,126.34826225402865
0.9722699421778279,5,390,220,63,0.6737593976568773,13,3,1,7,0,114.41864405142181
0.7747876687446624,1,445,69,187,0.5251747634846766,8,6,1,14,0,324.2713216673524
0.8231148769106889,30,396,12,172,0.5263826289298013,14,0,0,43,1,483.9373183092499
0.9266653415629146,49,492,80,94,0.8460056279733273,11,0,0,5,0,260.3582493019835
0.7686394496474867,3,434,178,136,0.728964497217014,9,6,1,31,0,287.6582782547391
0.7230939729486379,45,399,51,162,0.6132608130180528,18,0,1,31,0,419.655797949668
0.7869254358741303,14,34,19,165,0.8069851531626163,23,6,1,15,0,338.9839354888501
0.7483663861762013,30,150,151,120,0.6264290591250556,18,3,1,9,0,251.92966316520065
0.9789092957027719,4,126,30,24,0.7888158771722114,5,1,1,11,0,98.93956996002981
0.9424361138693251,18,491,97,141,0.6796043734913452,19,4,1,23,1,306.0389744390521
0.8900211269531271,37,401,236,102,0.9117761133059095,23,3,1,33,1,307.69361688975766
0.9614381770563153,25,414,25,132,0.9103480803833897,5,1,1,19,0,295.1799407819446
0.9411016230697343,48,491,42,82,0.7386751990612006,7,1,1,39,0,303.67431191823863
0.7559710176658108,1,461,280,164,0.6754095546675078,0,5,1,41,0,327.54846037698076
0.9677676995469933,46,34,161,163,0.6812798982795473,21,3,1,16,0,382.8492922135828
0.8618026725746952,15,88,183,156,0.9028572628341089,16,3,1,34,0,364.6540424331288
0.9422320465492188,9,77,136,101,0.664089741398806,16,6,1,24,0,246.62923569073334
0.968827389977048,15,182,32,26,0.604529686853423,23,1,1,41,0,190.25051630548856
0.7954010424915592,49,453,264,52,0.5423441709376534,14,1,1,7,0,243.58506248211646
0.733015577358303,24,21,80,130,0.7333465604422043,6,1,1,13,0,285.36818686545394
0.7683805487625824,4,297,71,50,0.7410660494599209,18,6,1,45,0,190.4707428776679
0.8281323365878769,12,137,198,179,0.9204543552014536,21,5,1,43,0,399.1017028859483
0.9454044297767479,37,105,166,187,0.610619348223032,22,3,1,30,1,444.50609338697456
0.958219174976903,37,101,261,177,0.6904956368341999,2,1,1,6,1,348.7914676488306
0.7020856391593572,43,150,76,48,0.9042028694468455,21,0,1,27,0,214.4304020567307
0.8532241907732697,6,40,91,122,0.9118118053744868,10,3,1,27,0,274.82303834734273
0.8252233009446337,39,343,266,160,0.6923055379893841,19,6,1,25,0,392.11551541235315
0.7666323431412191,46,29,218,120,0.7295620116433404,18,5,1,20,0,363.9138746699343
0.7359596102001048,24,155,157,189,0.6516429454246415,8,0,1,13,0,352.17820585755805
0.8012845514210883,11,486,214,56,0.966277439209656,9,6,1,17,0,148.64544388183654
0.9828729111737557,13,325,65,72,0.5593218828707902,1,2,1,32,0,261.85232778191266
0.7969608796062265,34,456,272,119,0.966874711500735,0,3,1,31,0,346.0717241586122
0.8556371865230098,25,399,266,78,0.8419332259176716,15,2,1,21,0,211.56090544961236
0.9109056876685533,7,169,222,52,0.7657860763433656,17,6,1,42,0,203.70535630978182
0.8090888807137881,4,358,287,185,0.5163295303922479,22,6,1,40,0,381.21682489930674
0.9915346248162882,8,52,140,43,0.7377980959110042,16,6,1,5,0,97.0454525534732
0.9887341884826334,20,263,97,49,0.7038740525013661,5,1,1,22,0,200.1231996967134
0.7755346887476092,29,139,113,70,0.5806094059875613,13,5,1,13,0,234.6180255126465
0.8491745517677156,45,69,245,187,0.8282048017503285,22,1,1,17,0,391.77436538130445
0.7902634929450308,46,160,146,71,0.9855754536841429,14,5,1,44,0,347.8823447396666
0.7854521483132403,10,476,295,67,0.7810944055322626,13,4,1,49,0,270.78625595601096
0.7110660842063597,43,296,241,170,0.857376638221973,23,1,1,19,0,392.7613927032651
0.882869300193969,34,14,181,84,0.5342252262830084,21,2,1,47,0,326.65323920241366
0.8508037069686585,26,476,145,25,0.7088334979084974,2,5,1,48,0,195.0813632821057
0.7154436253749967,41,427,193,91,0.5581792425822479,23,1,1,8,0,255.25997258136493
0.7835939392709834,49,275,53,103,0.8063979177682552,22,3,1,37,0,337.122864483133
0.9724797657899962,3,354,194,57,0.9692410791070774,18,6,1,28,0,160.53608369884583
0.7718685672000917,6,139,140,147,0.8308888662358193,11,5,1,40,0,360.8596926910659
0.7434684616273669,5,391,47,91,0.5384015241572108,1,5,1,45,0,245.1672885910179
0.8468358280832688,5,276,94,47,0.6773331024925414,2,1,1,14,0,96.084121143706
0.9956951362331803,47,187,299,136,0.7753316897204258,17,4,1,40,0,442.37325318287077
0.7726165814534501,23,262,249,28,0.701603878066626,0,1,1,24,0,162.4411775914546
0.9016406642217636,49,424,196,173,0.9168220052375862,19,2,1,45,0,479.25597265751253
0.9284858845986153,9,65,110,196,0.9073355023549946,20,2,1,49,0,461.5199230860702
0.7712912631977199,35,472,237,72,0.8059155100516107,5,5,0,48,0,335.3895267501947
0.9184649045835579,20,466,269,86,0.6867289725663526,4,5,1,15,0,236.49535782475354
0.810334939815776,49,480,41,183,0.6276681868816221,0,1,1,16,0,398.2512964928042
0.8896917491780738,42,92,45,140,0.5529371591065646,18,2,1,22,0,339.50323674175644
0.8900589132282684,35,402,21,111,0.677448841743277,0,2,1,34,0,350.66686597357455
0.8607324052224276,18,108,281,74,0.7065862586038598,20,4,1,48,0,303.80825137000204
0.7270869310163225,17,158,63,129,0.8379114625520367,20,3,1,41,0,323.6206203645977
0.9505907486767714,24,338,187,100,0.8290799121487867,15,4,1,24,0,250.25378649022406
0.7962340194915207,3,165,45,17,0.5350540698206285,11,0,1,29,0,114.62505398277092
0.7559555531199562,32,199,43,188,0.6976296577155789,21,6,1,16,0,394.47152488861025
0.7122325424664291,35,380,196,82,0.590889433608681,7,4,1,25,0,269.0385975460906
0.8772678829564725,38,272,271,143,0.5784063526584029,15,1,1,29,0,350.3135238663512
0.9032693085526847,13,89,151,116,0.913651074868623,0,3,1,15,0,245.83655541006976
0.7049763486783568,47,409,131,98,0.5209576083581288,3,1,1,13,0,265.65258610259116
0.8536279174897843,25,261,50,48,0.7095914379510606,9,6,0,29,0,185.67364746819342
0.7679487325593813,9,106,49,122,0.584101827883259,10,0,1,39,0,317.78007903177263
0.8935518371228349,4,269,5,197,0.9396651078392371,16,3,1,36,0,409.24012740624636
0.7523099287014974,14,269,172,37,0.7785202566375176,22,5,1,18,0,153.53386476511955
0.9072813214307398,37,112,112,106,0.615690318188424,6,2,1,5,0,230.78063265473088
0.8160206038901612,34,49,23,191,0.7512136435831882,11,4,1,21,0,422.2034087395716
0.9810189966210203,11,282,76,46,0.8657431798515579,20,1,1,29,0,146.62649623142818
0.7412562832437979,41,110,113,146,0.9790590044597169,6,0,0,12,1,331.50288645574955
0.8023199053150776,3,368,272,91,0.6102230021227095,11,2,1,9,0,178.77355669991312
0.7340420563721767,28,389,244,65,0.9430908860646725,14,4,1,9,0,191.4604245423826
0.9774080854835688,29,317,94,196,0.9671520570837451,1,2,1,45,0,498.09667591937284
0.9632018060142943,9,230,107,94,0.9582102722660331,13,4,1,39,0,292.08751594500666
0.7773824883145466,3,317,254,11,0.8177071784309549,12,5,1,23,0,82.5842033229508
0.8979952138102537,25,429,12,198,0.8149103272173539,3,3,1,27,1,437.91450876845926
0.9451666600603648,34,133,157,67,0.7016053165919114,13,2,1,13,0,244.87489525083242
0.8665602434798387,12,431,178,116,0.876198941151894,13,2,1,34,0,290.6573470078834
0.8588951735068019,42,240,162,132,0.7656470091754659,15,2,1,20,0,369.6039603179606
0.7725556872701355,9,187,219,197,0.8387190356141472,6,3,1,37,0,442.02945911083407
0.7279308303417698,15,72,181,177,0.7142289519243977,18,0,0,6,0,308.17353135314306
0.969164727385998,40,494,179,173,0.8657482320215695,1,4,1,18,0,389.8424899764478
0.9701254171489991,25,125,150,123,0.9122357588022745,9,5,1,5,0,251.86804719334438
0.8899304371819804,5,200,165,116,0.5732181283014081,17,2,1,30,0,290.403299880632
0.8017089373146101,11,71,131,46,0.916464857787114,16,6,1,29,0,186.05269263067026
0.8047628723837983,34,265,86,88,0.7701482658951536,4,3,1,20,0,250.50004805563634
0.9177867036610718,24,492,151,101,0.9223329545451122,11,0,1,19,0,214.85893996475744
0.9691330779857732,15,16,243,27,0.7156508531705073,5,4,1,30,0,173.94347917837638
0.9661259272795352,38,164,88,107,0.6895202426915175,21,3,1,48,0,341.85004549912617
0.9339626637572871,8,101,117,72,0.9575303662586112,8,5,1,20,1,156.6804058609981
0.8926094938462863,5,479,229,159,0.6255846337742006,19,5,1,18,0,294.4504561059664
0.7252419894985146,48,23,247,148,0.9221061626430715,0,4,1,33,0,392.7184280066192
0.7484886142283841,26,464,147,195,0.742010286254702,21,2,1,28,0,434.85056855606985
0.9695662565581238,18,238,45,194,0.7570477212756299,14,5,0,19,0,378.07623600765476
0.881928717897877,6,95,262,13,0.6542341407447421,20,0,1,23,0,116.20461960844911
0.7027591154849888,37,142,289,144,0.7865211003095078,5,3,0,12,1,293.84564933558653
0.7304414628598096,48,192,109,70,0.6626055981381056,18,0,1,38,0,301.76204567626405
0.8990505307324167,13,395,206,116,0.5196347071208262,17,2,1,6,0,218.08398754658458
0.7015184751538656,28,71,270,63,0.635999302672178,5,0,1,31,0,244.35456261011913
0.7482424154252496,5,228,214,97,0.5031895217032953,12,0,1,14,1,211.38072810953443
0.8646201368099758,13,414,55,77,0.9891773935284283,0,1,1,39,0,240.20822839212912
0.907568559307808,17,255,122,138,0.9828736049098737,22,0,1,27,0,312.63979429994004
0.8955883778507802,40,239,205,64,0.6975776487361525,22,4,1,12,0,222.1469932176074
0.7672807928381679,45,88,43,12,0.864185427169823,12,3,1,32,0,160.0287852128598
0.9136537664042608,32,158,32,175,0.6729030492052125,6,1,1,27,1,415.19870503784585
0.77117472624904,29,147,263,130,0.8355465785429881,14,3,1,8,0,292.27897231389846
0.7976199094477803,3,480,88,138,0.9027150215229895,11,3,0,18,1,240.3267855464352
0.9239474215354072,40,323,159,111,0.9733781223461204,0,2,0,46,0,378.1995410342997
0.8948898697141644,34,385,121,47,0.700106137924836,14,2,1,33,0,267.35319633014296
0.9547670231482533,40,432,6,94,0.8916489914780239,3,1,1,5,0,249.19656595462297
0.8972838676901029,27,398,97,166,0.6329642253160594,12,5,1,8,0,335.9394454594173
0.8704925810006414,13,74,170,142,0.9951661518968242,22,6,1,36,0,366.81918630248975
0.7281024303484277,45,22,262,101,0.5128847993821756,4,2,1,37,0,388.59090235225005
0.8103147409178301,33,222,85,30,0.8017644032505604,1,6,1,30,0,201.37068139636744
0.7795607103045176,6,483,272,118,0.8297529908256636,22,2,1,21,0,243.8562199155595
0.7731968930137251,24,251,239,56,0.8440227785370644,0,2,1,43,0,280.7707682194786
0.9919031664257336,19,222,217,93,0.5601937893945446,15,3,1,27,0,254.7509372810098
0.817929317400028,16,190,66,92,0.9692648917365652,22,1,1,36,0,259.43962683962116
0.967613966553134,40,347,53,44,0.5905916395250415,5,3,1,19,1,192.19867494025516
0.8893415877991788,28,494,131,78,0.8113767016199205,22,4,1,17,0,230.2465916411676
0.9384433910624945,33,182,227,138,0.6113380395615424,15,3,1,6,0,282.0080839517824
0.8507911279315576,48,169,283,149,0.6536082085106354,13,6,1,23,0,381.0004950514417
0.8730711653879077,41,173,298,197,0.7732292708640622,2,6,1,28,0,440.95368370709593
0.8477553081456591,13,474,288,36,0.7085967092822882,14,4,1,49,0,255.70733032405624
0.7585728963394133,43,492,281,65,0.5801128004882532,2,0,1,28,0,260.6474656062506
0.9167356345784516,45,197,111,32,0.5854682012104242,22,0,0,15,1,168.7697805876952
0.7842317087322567,25,404,150,162,0.7090723940813999,1,4,0,26,0,358.89754386788775
0.7072947899294361,42,200,103,30,0.8786414891377503,0,4,1,19,0,202.05051949924288
0.8936416887721503,36,414,77,70,0.9489823234238943,8,3,0,14,0,230.46397157006325
0.7531332038221147,27,317,126,72,0.5420638311296915,8,4,1,45,0,286.96290591714256
0.9821375753058743,38,265,34,131,0.6965519537797005,22,1,1,31,0,366.1462607595084
0.9861785731007762,7,192,192,61,0.5501227818614383,6,0,1,13,0,150.0340884770497
0.9744593170661345,5,126,292,97,0.5082962403162989,2,0,1,32,1,237.41838614988788
0.8110476100766333,43,291,199,162,0.8308593413219783,17,5,1,5,0,313.18754425220015
0.7046369849586602,45,205,160,64,0.8012247209832939,10,4,1,21,1,259.30074838862487
0.9784955687763176,31,43,176,55,0.5815095569074431,6,2,1,35,0,236.52531672003448
0.8284552444951943,23,61,45,41,0.6169064165465321,8,2,1,48,0,260.3069670076784
0.9899964457131009,42,121,67,64,0.5118538768222591,0,4,1,14,0,228.42053284495086
0.9890859931267759,10,261,27,105,0.9174736028472019,13,1,1,41,0,301.6158460251102
0.955902836640208,32,91,79,142,0.9873452980242757,19,2,1,33,0,367.4774570242066
0.7883346676208757,43,241,52,45,0.5677297683973455,5,5,1,22,0,206.82143554968363
0.8155293185805775,30,236,164,119,0.615737606882649,6,6,0,42,0,341.7316518992755
0.9553410014550571,39,242,122,186,0.934204761973467,9,4,1,43,0,473.70504091221824
0.7950766015468833,31,230,104,115,0.9632318989780924,6,1,0,10,1,275.87630023100377
0.7508478240058277,18,445,171,67,0.7098136914034052,1,1,1,44,0,296.45651484247986
0.8670403787375051,36,422,294,48,0.5253112361345371,3,3,0,16,0,217.02198684484637
0.9808464322482343,2,431,160,89,0.5196959168464097,20,1,1,18,0,194.4084603234976
0.9088089390024918,14,51,11,106,0.7869749330345053,16,2,1,48,0,358.94588121363273
0.8710183510268095,13,30,200,122,0.6964475544465896,0,6,1,14,0,244.86364744278438
0.7291529481312305,29,51,60,70,0.5143262137888273,9,2,1,24,1,209.1790663496986
0.8845021680097509,12,406,197,146,0.7916261961562784,18,4,1,19,0,338.4174883842055
0.997016155031279,39,122,51,15,0.5056512682945112,14,6,1,35,0,216.1561657291354
0.7420252045709572,2,114,152,118,0.8936859790746365,9,4,1,11,0,183.3073849892016
0.855498895709121,32,201,279,44,0.6532164113516858,18,1,1,45,0,296.18097157274724
0.9632119215783866,13,26,161,48,0.520129001504616,11,5,1,14,0,125.13155029782432
0.9222305853262613,46,129,206,159,0.7941761104915767,23,0,1,14,0,361.98235484549735
0.9091047222985804,27,402,130,178,0.6988422072165273,15,6,1,43,0,470.4276627816641
0.9107452251961328,49,434,298,127,0.9869002066785748,8,3,0,32,1,411.7341422731339
0.8078473453659265,41,138,68,14,0.7720993312518512,14,0,1,34,0,184.98521943117473
0.788077553279348,17,139,180,179,0.6376195905185041,16,1,1,41,0,454.91981524053557
0.9428083466435541,40,69,120,96,0.8547194323169873,13,1,1,7,0,262.4847359281888
0.9430340184037542,31,57,208,85,0.6357460012713556,17,0,1,47,1,314.50502376122716
0.960121695574031,34,38,35,167,0.9521216457037825,1,3,1,19,0,370.5818747143299
0.9739721657669413,24,106,117,66,0.6873609852536882,3,6,1,25,0,252.32271793147115
0.8534027196582813,45,19,71,136,0.7749342813881026,17,6,1,41,0,385.7887679478341
0.8504548884061598,35,251,79,38,0.5252865519121144,6,0,1,16,1,202.6142875178444
0.9394885536900326,48,323,49,174,0.7130606189761154,12,4,1,8,0,397.9281425567305
0.8949891792333295,6,453,264,96,0.9161817698304975,14,2,1,13,0,205.182815245414
0.910590063177311,19,241,158,150,0.902824402681671,22,5,1,43,0,394.63391377142017
0.9387378008308302,30,286,159,169,0.6121592794267632,21,4,1,46,0,490.90275964924956
0.9670016025452699,7,293,238,55,0.6130395355052813,0,6,1,32,0,234.85847201409806
0.8013985470554608,10,212,55,125,0.9086526561066184,10,2,1,27,0,276.1954049996469
0.8126748857919832,41,256,266,121,0.9651992100846627,9,5,0,49,0,422.74409574463334
0.7281945819522606,32,299,129,160,0.5476804606365018,4,5,1,44,0,473.48752994355664
0.8734840422988521,34,273,249,54,0.7250293197131126,15,5,1,48,0,277.2991083799998
0.7107826821390226,28,452,34,154,0.6687271394821145,10,1,1,26,0,369.86279148623754
0.8396794054397381,15,223,126,113,0.9353442277287196,20,5,1,28,1,303.57750884564985
0.862793390412273,30,209,129,94,0.5417624573400094,5,3,0,30,0,250.70213190117863
0.7859623756384853,37,442,41,143,0.6055629712790187,8,0,1,34,0,407.07110457395777
0.8772499781707033,29,88,174,117,0.8762341687932471,12,6,1,37,1,322.73135953179207
0.7091500749817148,22,410,128,27,0.5256469244906078,23,3,1,20,0,148.34662729911335
0.7112044566247643,4,453,39,103,0.7462676903571446,7,0,1,26,0,263.38689701783636
0.9467801681978975,20,352,91,159,0.72105351733986,13,4,0,47,0,371.71638608120145
0.8080571924233788,32,353,138,42,0.6672005894943743,23,4,1,22,1,208.71717775487792
0.7381181537955654,36,182,200,167,0.6972861576594619,0,0,1,11,0,396.26657969261663
0.8566729780164413,4,476,278,135,0.7649702934651165,16,3,1,30,0,289.83398000668274
0.9309980659295832,27,78,205,169,0.5806836791941916,23,0,1,12,0,355.0338029356825
0.7647463082490529,17,425,289,179,0.7859979391417964,4,5,1,10,0,359.20572661398774
0.8868671427457,12,437,81,131,0.9027161646499932,1,1,1,34,0,290.6410990358005
0.7256042394981304,22,458,63,147,0.8800804648950795,23,6,1,43,0,408.64739517067505
0.7155045163505823,17,96,130,124,0.5769499523468868,8,4,1,27,1,321.4753246519556
0.8594063894704443,10,110,113,173,0.574624734870737,3,6,1,36,0,400.2724043987353
0.8621905364830319,1,17,228,171,0.6340871838724567,16,1,1,26,0,338.23245384410245
0.8912289704494619,22,342,282,37,0.6805373631705186,16,5,1,46,0,217.49174436387747
0.9178274001167984,26,209,72,20,0.7042277907042414,20,5,1,47,0,250.82846707072486
0.9927556238387604,18,96,73,176,0.8398486084166726,17,4,1,49,0,447.69007130463314
0.8548901044903585,14,52,169,56,0.5283402160829177,15,4,1,13,1,132.92239174752808
0.7968869418823737,47,394,166,136,0.5173363521130332,7,5,1,35,0,396.6394833917086
0.9385558584306111,29,118,46,156,0.6959552814719545,10,2,1,11,0,332.36770982669356
0.7812496753786222,12,444,113,127,0.8485818460689902,20,6,1,13,0,222.2763008623158
0.8316914262116908,36,417,55,152,0.5967176714782413,20,1,1,17,1,351.3586070516823
0.7235369144026798,35,492,254,135,0.8207522406281258,17,6,1,7,0,285.1624556588402
0.7076052230246372,12,161,25,165,0.6299140689701497,22,1,1,39,0,415.22052962731976
0.9887945244033776,7,26,143,161,0.9430430544067582,23,2,1,37,0,329.00218805424544
0.9507940361536618,29,142,96,81,0.9478449721333082,9,3,1,25,0,273.27515285004966
0.9087922618281093,11,157,284,116,0.6486436021406632,12,1,1,35,0,329.3418965120503
0.8226858833242809,33,286,129,146,0.6149968769816203,16,6,1,38,0,362.25822725704273
0.7519882960212537,6,241,115,184,0.7056519860331156,17,0,1,36,0,361.6563502838585
0.7469311128013257,47,323,143,42,0.6202657925900743,9,5,1,39,1,309.7180009313296
0.7750728694493786,15,424,277,199,0.8361919216458518,15,5,1,19,0,367.41255902794137
0.8647679994118361,32,375,103,28,0.9130323422741428,19,2,1,36,0,275.896582409769
0.9143787768100187,11,237,256,83,0.8365460654556085,4,1,1,10,0,140.3831992895967
0.8980592130153193,23,148,108,177,0.9121752236246747,12,3,1,49,0,461.90094809974244
0.7839801690837829,26,445,218,184,0.6984960811037371,17,1,1,25,0,402.53212525494564
0.9864595841989583,34,408,253,166,0.5781584853544304,16,5,0,37,0,423.8360846487009
0.9213690750087306,46,220,156,187,0.868975473698796,8,4,1,36,0,489.75924721411565
0.8663062157534202,34,400,254,107,0.6802372525707769,13,0,1,23,0,307.91292849458137
0.8835162238703056,29,37,279,150,0.8356354126145662,16,2,1,37,0,390.64682034741793
0.8258800187283369,4,60,169,138,0.6353219709908828,3,4,1,32,0,290.7165211234546
0.7743192968503472,17,451,12,171,0.5406148174033363,17,6,1,35,0,416.45520728482757
0.8067918035953785,35,270,288,102,0.9962908977438817,19,3,1,25,0,310.56105326165675
0.9273538331393107,13,270,9,185,0.5781007539652996,23,4,1,38,0,419.7916738123215
0.7043180465889267,41,359,149,57,0.9942104969817405,23,6,0,19,1,236.4273496483472
0.7348217921520749,39,361,105,186,0.9886399662832237,14,4,1,18,0,426.3788290018226
0.7138007926065257,15,17,168,73,0.8969090519540198,10,3,1,23,0,193.2653591303736
0.712218640695691,29,329,151,70,0.8297114810409988,11,4,1,47,0,315.21360746963614
0.9566381752033022,29,147,68,166,0.7889035251255423,8,2,0,19,1,352.93928548963316
0.9110973578140071,11,47,95,48,0.9330507726889173,12,5,1,10,0,140.040667131736
0.8422521487261976,32,120,121,137,0.6447197608097439,14,1,1,13,0,304.65200827153535
0.7293502481953004,2,489,271,97,0.7338406062424385,14,4,1,41,1,284.7343914736344
0.8474847625350497,47,377,177,35,0.809694984683251,4,2,1,24,1,209.82409400580954
0.8420415312341697,14,229,51,26,0.7055952379347455,22,1,1,38,0,194.27404871875345
0.7519605609730046,20,346,144,80,0.713743227045134,18,6,1,42,0,266.42461541767983
0.8301554947713918,22,232,250,22,0.6651423337510423,19,1,1,30,0,167.72337759726923
0.819551420319212,11,145,153,78,0.782115908342268,13,6,1,22,1,224.6126503021987
0.884755029415665,27,265,250,35,0.925287264007558,16,4,1,32,0,211.8440931449185
0.8905280952602931,3,369,9,58,0.6007641890031564,17,2,1,13,0,135.84057466898423
0.7135912029316133,17,418,188,16,0.9672165193767207,20,5,1,36,0,202.07122679301278
0.8123837843879413,44,338,24,67,0.8445438268741148,2,4,1,10,0,238.97273736977843
0.8877579747142709,28,459,50,58,0.9116366063400151,1,6,1,18,0,214.11079898506256
0.8509408775740263,29,472,16,112,0.7780953463150058,0,3,0,32,1,335.1605555783301
0.9569469523564966,21,443,74,62,0.8897583507120317,9,1,1,28,0,234.6539374449333
0.8976080894856835,47,460,21,71,0.5081001986697335,18,4,1,17,0,284.6420402110433
0.7488803281244288,16,58,151,26,0.9091902123897676,16,6,1,47,0,203.6466262455801
0.7211706242201289,37,301,158,180,0.5200694295426833,11,1,1,16,0,412.18807930550486
0.8927257834618947,20,391,112,34,0.9449566881814313,0,6,0,23,0,167.1297577754955
0.7079533931624865,6,333,240,140,0.9959813736193217,11,2,1,25,1,289.33764925732015
0.875732674382039,19,87,74,38,0.6470337310883889,16,0,1,31,0,186.0054979391744
0.9820690724274872,5,114,187,126,0.6051592781428968,23,4,1,23,0,272.38309363092685
0.8726422533627637,3,178,254,169,0.8826816819290204,2,5,1,28,0,326.30119864661157
0.8164509778619565,1,226,232,35,0.6265131704601266,10,4,1,30,0,161.78025551000894
0.892986465532706,38,387,106,133,0.9327811915861017,16,1,1,49,0,420.4429715182192
0.8374758671474549,15,128,79,153,0.5514212960787384,22,2,1,32,0,357.19858324485347
0.8636850367947805,34,199,220,34,0.5629775981896792,2,6,1,22,0,212.14405099855614
0.9824394426329576,35,264,207,63,0.9895757775503078,7,3,1,48,0,311.0949641045361
0.8158307913402323,49,379,196,165,0.8369194491350023,19,5,1,40,0,496.5533688884221
0.9883571691471742,25,275,253,82,0.9234436122144765,3,2,1,46,0,300.5037098220971
0.9716051925868191,24,158,246,129,0.6621646886757591,20,4,1,33,0,318.558603224107
0.7587373404367889,12,173,183,65,0.8382418747603022,21,3,1,21,0,178.70013706110234
0.7208083902625496,18,149,223,74,0.7971209136542986,6,2,1,8,0,114.70570601016374
0.7302334004132279,15,356,86,102,0.8015750600614735,13,0,1,48,1,345.11523504941886
0.7054665476954649,44,497,96,95,0.8412662297688608,13,5,1,49,0,356.7220291742501
0.7283328882267784,16,267,179,89,0.7876795865645493,3,1,1,33,1,252.1460915710746
0.904902032024907,27,383,243,178,0.7145311846513329,15,2,1,8,0,359.32557123241855
0.7213565945380687,8,278,264,117,0.6379613471902734,23,2,1,14,1,235.8824219583578
0.7956926890881284,46,190,167,188,0.884290665456601,21,0,1,29,0,452.1890908383976
0.9534625932908364,25,169,52,127,0.6131362150015931,0,4,1,35,1,304.76915254956464
0.7069815807207477,17,360,120,166,0.8461771530772071,16,6,1,7,0,330.0161605979439
0.9443405447766807,29,409,229,92,0.6166664113246634,9,6,1,6,0,228.46160066952928
0.78455643243202,8,297,151,156,0.812665084977227,21,5,1,29,0,378.11442659396505
0.7354494482864968,15,297,67,178,0.8735391335645144,15,5,0,10,0,315.07240328019185
0.9090211496092452,27,389,298,182,0.6093569444532696,15,1,1,30,0,387.91099471243984
0.8886828540339652,46,235,17,24,0.5299716504306542,7,2,1,12,0,183.89510570528847
0.9632416040581159,7,20,193,140,0.5654868714970871,6,3,1,39,0,337.23880165199296
0.9205213131411657,3,19,291,148,0.8029984836355127,5,2,1,31,0,333.5633971813791
0.9410442791154545,29,280,212,190,0.9247232031128678,15,6,1,29,0,462.3983057465311
0.7846103717713919,44,282,118,183,0.5224984106177122,19,1,1,22,0,436.26306192928354
0.7532318631339168,24,433,26,39,0.8670756295208231,15,2,1,5,0,124.84597801091066
0.9251844254922574,3,411,218,66,0.6706593229750261,6,0,1,43,0,238.6000557261118
0.9420504217801792,20,192,175,155,0.7392641849597612,8,6,1,7,0,260.7550362807067
0.997151542600202,46,466,58,188,0.9644297749227828,13,2,1,8,0,420.16076418966094
0.8237853030734279,15,162,130,137,0.6659857523679227,10,2,1,45,0,393.9417232449832
0.8116054257378349,25,497,281,57,0.732668466969743,13,6,1,41,0,269.11140049925046
0.932923888222599,30,324,208,145,0.5068412073803406,6,3,1,19,1,304.19190730138337
0.8022410620759053,14,343,198,31,0.5407993600024192,0,6,1,12,0,108.07702349725973
0.9792271976810694,7,133,173,15,0.629295795567392,12,0,1,42,0,191.27051550785708
0.9575238255529035,17,482,156,194,0.5139261204105372,19,0,1,23,0,382.6849267405306
0.8286982082125055,44,123,39,113,0.8156876630241254,2,2,1,30,0,371.1850610382732
0.9252613203374492,20,287,188,45,0.7131991784008113,19,5,1,43,0,237.60192985313708
0.9263628622254048,36,423,290,88,0.774072601364011,3,3,1,14,0,260.2500767903192
0.7309371606507797,9,477,61,125,0.5873235929481648,10,2,1,42,0,323.25717174350433
0.97076587200387,38,222,226,66,0.6479660147183081,1,6,1,18,0,230.68761763291332
0.8515757117343571,48,181,167,58,0.8319122374263626,13,2,0,45,0,326.73430496337755
0.9479372398323225,22,297,23,182,0.9826513618152,11,1,1,23,0,364.3353205221163
0.7960148803091835,2,444,268,91,0.5252083868011046,16,1,1,34,0,247.97826257958022
0.9686569685488602,24,183,286,75,0.945192160427633,11,5,1,9,0,133.7294940040628
0.8167605036202489,8,122,117,86,0.7884406006556042,11,3,1,35,1,237.96996426356455
0.7032512954440895,11,385,34,54,0.7819597833778118,0,4,0,11,1,146.87766028727557
0.9716145929257791,13,414,139,88,0.7501392676038802,12,1,1,23,0,249.40525841101123
0.72738600303584,17,492,71,29,0.5346970429520916,13,4,1,35,0,191.95504283598456
0.7957940912771244,8,131,69,132,0.5449384258680803,23,0,1,43,1,315.1936645233806
0.9850185901152415,21,41,296,76,0.8004560028295431,1,1,1,28,0,260.6571625773116
0.9851821440812668,18,231,29,92,0.6704792857177791,11,1,0,38,0,265.2170053695453
0.8720313664369859,30,128,41,12,0.9586340332888403,20,3,0,27,1,171.28397102848703
0.8895511636509398,18,48,5,191,0.7032952686797361,15,5,1,49,0,447.38332510814286
0.8345336565934959,46,277,41,73,0.5716407293513206,3,4,1,44,0,318.03587591275686
0.7879632315094194,47,242,145,49,0.857359416751018,7,6,1,10,0,178.37301728139036
0.7985993636109747,31,440,236,68,0.6466767107205049,1,1,1,42,1,292.7791717856344
0.9017555368231115,38,27,140,192,0.7627351536779465,9,1,1,45,0,495.0893097275087
0.925712358831304,32,158,192,71,0.848916392752585,8,3,1,40,0,300.67818875261383
0.9374737131177545,11,406,132,141,0.9501320556010352,22,3,1,31,0,326.12730322653783
0.9368854428383662,45,158,205,69,0.896095597400838,14,5,1,15,0,208.14253092825922
0.727361830914607,25,135,131,125,0.838180533936362,12,4,1,9,0,270.0162493619595
0.8483260914107744,33,401,261,84,0.8398165911975718,22,0,1,21,0,219.7566869913426
0.7172676280049932,38,311,168,131,0.9729623220160433,16,6,1,11,0,287.8229201390199
0.8648586646971206,41,369,39,116,0.647912048748268,15,5,1,31,0,341.72173335841995
0.8324591504120131,8,247,198,105,0.5005560470980936,1,0,1,19,0,221.8359318562071
0.9663112548274899,11,144,195,100,0.6359772796990993,19,2,1,17,0,190.05174678987947
0.8052745037656236,22,160,108,167,0.608945689813372,19,1,0,15,1,366.92319107076383
0.7351201049282817,24,245,27,139,0.8309172925569991,13,4,1,49,0,436.460055801134
0.7428975046158507,41,233,269,71,0.8168557998827646,2,5,1,30,0,323.51550208617897
0.9284531895152417,17,212,294,58,0.796730691352362,22,1,1,26,0,221.95302834979313
0.8854654189948783,12,265,264,146,0.5081217216047269,11,4,1,32,1,331.09106922419454
0.730336802836837,46,95,79,101,0.8643890272253237,7,4,0,28,1,319.2464095810285
0.7252320418344992,32,159,76,168,0.6617652062427457,1,4,1,33,0,405.6421232765355
0.910290739437736,15,244,263,133,0.8325279945033155,3,1,0,13,1,308.21275372451555
0.721828901909258,16,354,192,70,0.7782892142510767,13,5,1,46,0,272.6891706206968
0.9465580177871069,22,31,177,57,0.6713654627139536,15,6,1,8,0,178.88465813840455
0.9118726681469489,28,357,294,162,0.5672881335520539,18,3,1,22,0,388.8286995543888
0.7244046341925698,20,294,49,173,0.5472094488302405,1,1,1,47,1,444.2909571216174
0.7254513142255575,33,278,65,145,0.9157591665561118,11,4,1,20,0,314.4671831254099
0.9959918735503526,10,475,87,67,0.959198771040779,13,5,1,37,0,229.62162722698167
0.8122812387268361,40,267,127,110,0.8248940233821498,5,6,1,33,0,346.93932552425906
0.8111926441200672,32,38,20,121,0.5517170574302417,12,2,0,43,0,400.0584257980597
0.9438398701772508,33,222,70,182,0.7010136084441203,3,0,1,14,0,381.38915824200586
0.9841745732151577,2,472,149,71,0.8644696000525787,21,4,1,13,0,125.32788872750388
0.9958003191468613,33,445,166,48,0.8899104420050341,17,2,1,35,0,262.7581999546341
0.9260134555776824,33,292,238,67,0.5591093111455443,11,3,1,32,0,257.94917355005026
0.8128778756592747,41,59,148,108,0.5000153594226913,19,6,1,7,0,214.09500900726925
0.7250502150096005,13,104,192,53,0.8560685229403024,21,6,1,18,0,165.99969149153492
0.933144074778231,30,472,17,38,0.6782980879931029,20,4,1,29,0,214.0154258824042
0.8675212749207415,33,416,188,68,0.6272406658091301,18,6,1,19,0,208.14123614268425
0.8272666027740929,13,97,115,80,0.5064487348947627,7,2,1,6,0,160.15908398753822
0.9719063155284208,26,53,294,101,0.7701497033807498,6,4,1,28,0,300.654340519479
0.7333592446918453,22,470,299,18,0.9255753677129909,15,1,1,18,0,131.63569602404564
0.8477875312872577,39,287,219,136,0.978815823136294,18,5,1,11,0,283.7468609977
0.7034060934302256,2,180,124,143,0.7828724753066446,5,2,1,40,0,363.57100332994736
0.8405981925982379,38,430,59,166,0.7572306638699471,19,5,1,28,0,443.126612390773
0.7168909827045512,39,198,31,195,0.5425281927446206,20,1,0,31,1,453.29632227936315
0.7356453748804216,26,362,122,154,0.7744364007712998,10,1,1,41,0,367.8025685415483
0.7352578740331315,46,193,225,153,0.6899895394826974,4,5,1,42,1,462.92225613605905
0.8947630906348191,15,12,235,140,0.8035676404417884,15,2,1,34,0,328.5381512164381
0.9238134637796269,34,200,57,30,0.6943631739382734,6,5,1,31,0,216.708975901705
0.8750106295291479,42,127,299,73,0.6201495617251833,4,5,1,43,0,366.54340933134074
0.9886517645423626,44,28,237,99,0.5474826376141883,10,0,1,19,0,262.573848416223
0.8124611738571113,49,32,162,45,0.6574592222944479,14,2,0,30,1,239.5675824037535
0.7857136258845582,40,422,273,71,0.5483224171438761,2,0,1,5,0,197.61040812903101
0.9605797384568381,11,39,25,179,0.588448475411992,4,4,1,8,0,340.33356722717883
0.7670787515558357,3,304,57,85,0.993668079289773,22,6,1,33,0,303.6123425910655
0.9889667618321833,6,117,279,179,0.7220517784533094,20,5,1,5,0,300.44170374199257
0.7036463424069449,9,376,285,198,0.7659358832525083,4,4,1,47,0,423.35554518550964
0.9909636480122916,6,290,218,22,0.9368092643686077,8,2,1,26,0,116.08957251497554
0.7129479735851728,9,137,35,20,0.9977844502453439,14,5,1,15,0,77.50273027524031
0.9673429341094213,39,238,187,63,0.7913572246723408,2,6,0,14,0,228.9317095537158
0.85831033272589,31,120,27,25,0.9062369105220858,5,4,1,21,0,170.03769406597866
0.9978894388357902,32,145,36,17,0.6634705121683376,16,3,1,40,0,188.66373263990803
0.7221389694206196,41,371,78,113,0.6528719787236456,20,1,1,30,0,324.83029151505735
0.8661562853203962,12,195,14,68,0.7013518604972802,7,5,1,25,0,193.79885554851325
0.9907907606857297,8,153,58,66,0.8362536313368245,20,6,1,17,0,161.212833798745
0.8569293532510447,8,81,56,49,0.8410958446275494,10,1,1,13,1,127.65622167660844
0.8888195914405788,28,138,152,196,0.6576197173247254,5,0,1,15,0,395.9774643038883
0.9087246066953851,20,373,164,139,0.5666049620683143,7,4,1,15,0,318.1970107546908
0.836362319430332,47,270,18,103,0.8161981282327543,9,0,1,10,0,270.5757797595712
0.8882674240252191,7,12,182,147,0.5641629310943823,23,6,1,5,0,238.62866319506833
0.8752942935769301,11,458,57,53,0.789246254114665,2,5,1,10,0,104.72451958220235
0.9703474031472967,20,397,26,148,0.8467110640281545,22,1,1,17,0,308.5228153476495
0.7136339141024374,16,113,34,89,0.8503057481972258,13,1,1,26,0,248.62392492386098
0.7842889568776691,4,492,195,90,0.8767360553297984,22,4,0,35,0,213.51807276813642
0.9851234452229676,6,233,264,11,0.9364297107828323,13,5,1,26,0,99.65142813210855
0.967079135167275,22,329,209,187,0.7499794959823942,9,3,1,41,0,470.7058825984009
0.8366970258357138,26,371,63,149,0.8651245947647856,11,3,1,31,1,381.4661208540242
0.886039779340461,3,363,268,124,0.8095863676829184,5,4,1,18,0,253.46866345521585
0.7832143548943398,41,482,16,99,0.5933199698988413,11,5,1,9,1,269.9242459794901
0.7564363479171283,42,19,123,32,0.5128448224347041,22,4,0,40,1,240.5259146022075
0.8391095214819946,14,414,294,155,0.6422706928384669,13,5,1,36,0,354.3616042818808
0.8060056684078158,11,393,252,71,0.7215168531688096,1,6,1,38,1,267.93817561476317
0.8750968335552616,18,311,131,122,0.8085529722143281,8,6,1,11,0,268.57278758849753
0.7233203910894954,12,240,79,137,0.9249796652516027,9,0,1,46,0,352.57453956737794
0.9923184422998499,23,228,208,71,0.5981228583530829,16,4,1,14,0,156.92552080644026
0.9958632233438809,12,420,53,47,0.5627748949492386,16,5,1,21,0,142.98968903039366
0.9094485142059235,13,75,83,175,0.9817399737371637,2,3,1,34,0,401.37068454931824
0.8608289099032361,25,434,245,70,0.5540222796882035,18,5,1,25,0,216.8347971455354
0.7928582848858983,45,121,158,138,0.7392455350535946,0,6,1,17,0,354.6013562160103
0.9441385059120846,19,22,278,182,0.7927818643966509,11,5,1,5,0,354.395411077978
0.9054193517661637,46,402,100,165,0.7706872104537191,6,4,1,5,0,352.6394584441385
0.7487850818034674,36,429,218,158,0.5430160785164716,3,0,0,37,1,424.67920305969756
0.9732781553481528,45,95,298,131,0.5285134570018097,9,0,1,42,0,426.1980771299913
0.9467611728769507,8,243,213,119,0.5527417137305178,12,0,1,29,0,259.8583148334493
0.9849399739875773,29,99,92,22,0.7927938419363063,1,0,1,30,0,165.539015499759
0.917715852516508,32,323,268,164,0.7721724438171605,9,6,1,17,1,375.5232231980709
0.8840245587807369,44,63,161,109,0.6168703960183721,20,2,1,32,0,348.2393504109822
0.8254729108871857,18,21,160,144,0.8188870709227958,21,4,1,37,0,365.4351722061886
0.979818545006204,6,218,143,31,0.9100337510278247,3,1,1,41,0,182.165716557147
0.9598191668501225,18,471,125,83,0.5207894799232968,17,4,1,45,0,315.06587937923916
0.7135656010318567,19,23,69,190,0.7490649717740212,4,2,1,34,0,433.7142528089935
0.7079100923491756,22,130,111,141,0.8446552060513451,18,0,1,12,0,300.47640182141623
0.8129390100634148,37,427,151,32,0.6261559635348435,1,2,1,5,0,161.44396315111544
0.9431659992345498,32,446,141,128,0.6538854526465745,11,3,1,16,0,336.13147716149376
0.9961828387944833,41,386,166,79,0.806818951494692,16,3,1,9,0,272.37183447536097
0.7451250673310584,3,29,104,93,0.9489676467218684,9,6,1,28,0,217.91972610369453
0.8782392146056406,28,84,145,110,0.9049622101514496,1,4,1,10,1,300.38814828017246
0.8142672569893065,10,409,87,93,0.7915651095497918,5,4,1,29,0,224.56454113089634
0.990974319344381,35,252,181,170,0.8651108588786246,7,1,1,5,0,378.70494806086253
0.9526356769407126,29,232,202,37,0.6824112351038993,18,6,1,29,0,187.8208028261725
0.9514986114133414,15,79,116,145,0.8204827640493788,10,1,0,5,1,261.1212040759049
0.840607947938491,33,321,60,10,0.7330907955637784,11,3,1,36,0,189.37151890325947
0.8244458507012995,7,220,183,174,0.5949680682287805,8,0,0,46,0,395.6605850034396
0.7820221215792118,12,110,190,72,0.8508691369386285,1,2,1,46,0,271.73437333511924
0.7169126489952781,49,195,222,31,0.778232318674411,7,1,1,7,0,149.19323780324714
0.959416712876516,30,141,221,79,0.6793107909767957,10,5,1,23,0,222.801131426586
0.9438703027390233,21,120,124,134,0.9556695950393154,20,1,1,47,0,383.2255273394753
0.9999153019858391,31,390,179,158,0.5104670589133666,3,0,0,33,1,429.7975378048587
0.9989910511221716,24,141,27,105,0.6578865756247481,9,0,1,6,1,218.4196052196605
0.8666295116807883,20,29,217,172,0.5284406988888233,20,4,1,13,0,355.8204183074843
0.9306962245541531,37,403,239,88,0.8832636581108135,19,2,1,21,1,252.08667414568362
0.9834297189647284,4,33,17,14,0.8510537270568963,15,0,1,40,0,123.33047858730933
0.9548942172032234,28,236,105,69,0.6656761093681585,7,6,1,21,0,231.5772031391072
0.7742044305229593,44,163,28,129,0.8378314511035365,3,1,1,16,0,364.6122477020289
0.835163240593028,20,302,15,55,0.697968613097975,9,1,1,24,0,198.67908904266307
0.7387478245454484,24,239,277,187,0.8781268957112172,11,3,1,7,0,366.03294893074144
0.9862153081776167,49,478,285,185,0.727091831368353,13,0,1,47,0,546.4024882039296
0.881852390335264,32,319,98,143,0.7061398639158327,15,5,0,8,0,301.7693930063571
0.7685928416510388,41,497,205,65,0.9673649577441505,21,4,1,21,0,239.458734366775
0.901510205321757,36,368,25,119,0.6254395499453501,17,2,1,41,0,382.9417670126127
0.8854384721373687,34,414,215,196,0.5602236699982828,20,5,1,46,0,513.0003821223634
0.8074488154098521,36,211,144,166,0.7922715566297291,21,4,1,19,1,350.0204982263358
0.7340672776598887,2,47,297,113,0.9846609061420895,20,1,1,37,0,290.41451252541503
0.9014719586778399,15,439,105,86,0.6889196068635933,11,5,1,20,0,218.9863718111361
0.856092310271138,34,269,32,155,0.5310183818143908,17,4,0,15,1,329.70962321779376
0.9316955175206918,36,197,45,11,0.6696526336547837,6,1,1,24,0,159.10379219644625
0.856049050333598,6,66,150,17,0.7529658271597792,19,1,0,42,1,140.1935033627455
0.955654450095562,39,438,260,84,0.5809615033161069,23,1,1,28,0,257.78144540252634
0.8655720516323456,42,29,231,191,0.829051109028246,22,1,1,20,0,431.8369649928206
0.8682813914606159,12,282,240,134,0.9988746945051004,6,6,1,34,0,345.04154046791155
0.9629960807975035,3,128,17,47,0.725869737990722,8,1,1,38,0,183.55418523693282
0.8210448598637191,45,80,214,185,0.6773642783651064,0,3,1,5,0,363.2854147238465
0.7402045685351922,18,13,233,36,0.7003520834172333,5,5,1,28,1,157.89402428824002
0.7086348028940016,40,230,104,29,0.5575730891976005,5,4,1,28,1,218.47889035533106
0.9265411767020857,21,23,35,149,0.941636800713112,21,3,1,13,0,337.84770435885196
0.8860928654060394,15,12,20,52,0.7074128277606759,11,6,1,26,0,201.40912382854594
0.9112239304297671,33,225,141,198,0.6936372057124207,21,3,1,16,0,437.01583798497114
0.7638892484526731,35,238,170,40,0.8298451364652372,11,0,1,21,0,172.04752604459662
0.7409114426760309,26,345,104,100,0.7210167104655618,9,0,1,29,0,287.5214016653039
0.7043633997003645,8,195,113,70,0.8241167344039231,22,0,1,32,0,237.37381700848815
0.805176267641979,36,64,177,118,0.5307231450653938,5,2,1,19,0,278.01644837545535
0.8769753060563898,48,397,241,100,0.9068616718611138,16,0,1,34,0,334.83253572747174
0.8176732135299196,30,385,166,172,0.9702519764397013,18,4,0,31,0,429.8403831408306
0.8312424766071187,23,263,220,104,0.8243826930796929,17,3,1,26,1,285.168515415767
0.9712476083481245,42,33,268,152,0.9772829644294054,5,4,1,14,0,334.6977813543463
0.80447664010699,44,171,267,153,0.5757161571849816,23,5,1,35,1,389.8835718558618
0.8541968467479433,14,167,296,22,0.7387080947401768,18,0,1,31,0,180.7463036273001
0.935095903822343,14,91,278,122,0.8009033669727237,9,6,1,16,0,217.93231232918157
0.818962834696381,2,412,7,44,0.7908683237105933,23,2,1,35,0,187.6479035794061
0.8866260100683621,37,168,32,196,0.7007308895445217,7,5,1,36,0,465.33911129226607
0.9587091126240235,5,197,153,158,0.6690422046831307,20,6,1,36,0,375.941366327267
0.9848561870972926,38,69,32,191,0.5634120112752095,23,2,1,45,0,476.65703400382193
0.7441220442787113,45,412,69,167,0.6958712252811391,5,5,1,49,0,539.7959787072353
0.9779762875484483,41,314,25,57,0.5813304075527426,20,3,1,39,0,292.5459771137676
0.8476348879238614,47,328,256,44,0.8671828382461092,6,4,1,25,0,246.34138437571178
0.7774733164896874,14,375,239,95,0.604415467747295,23,1,1,14,0,197.03905626446314
0.8377407268714784,39,220,231,175,0.5292826526422669,0,4,0,20,0,397.83239331602346
0.9940097725856432,25,415,17,168,0.7761830689086171,17,0,1,11,0,332.8510185448764
0.8477854281978608,20,161,53,161,0.7976148663597008,23,6,1,8,1,341.42136658503364
0.7986254830862525,2,118,122,123,0.9359565306402527,19,1,1,31,0,289.5115354285557
0.8900202562950177,39,85,58,186,0.7884908062088409,11,2,0,29,0,454.87659412806477
0.7720436856334579,6,39,142,109,0.6727404268617229,15,3,1,35,0,291.15297752963727
0.7227589984325992,17,323,57,169,0.9015059407631603,9,3,0,15,0,345.07221798169195
0.7386639165731947,25,495,48,192,0.7701394465937106,9,2,0,24,0,382.2109298051442
0.7384137516873317,28,126,57,195,0.5396401423155959,13,0,1,40,1,509.48536216073427
0.7455708080536882,2,424,78,108,0.7829252801566233,19,2,1,21,0,211.4502285561008
0.741648151794823,35,365,50,12,0.9540092727108311,9,5,1,49,0,234.23191328661827
0.8922624234409644,37,201,17,94,0.6981563127491103,9,6,1,15,0,290.62965795043255
0.7545640253197434,5,28,169,134,0.6481629009499,10,6,1,34,0,351.6925059347472
0.8037001849971589,1,441,106,147,0.57173472850901,22,0,0,39,0,355.6190815946295
0.9690365229718035,40,182,284,92,0.5757227609676787,1,1,1,45,0,342.9061062050891
0.8421884920788617,12,237,262,34,0.7163857421709094,19,2,1,42,0,203.554691058886
0.9002673215563082,36,359,142,77,0.7978399120807648,7,0,1,26,1,268.8393455821571
0.7516959613604889,45,192,167,70,0.5403077025848009,22,6,1,47,0,340.04780914618266
0.7576867056426012,23,122,115,38,0.9697842945125829,6,1,1,31,0,171.39893945175072
0.7122605848799436,47,192,106,136,0.877566808722598,7,2,1,41,0,446.20219064790973
0.7506805189216493,31,490,21,28,0.7933119591418314,0,3,1,39,1,223.69177951875557
0.7835771017095876,11,155,272,180,0.9142193354694954,20,2,1,8,0,301.5556246210012
0.753103145283024,10,328,186,83,0.5400933784060566,1,4,1,20,0,194.5321382450512
0.7266107601271167,3,125,28,70,0.7384194388665621,17,2,1,20,0,176.39700071017427
0.7361907613301802,14,122,33,180,0.8150465634308317,14,4,1,25,1,344.9418670088319
0.8382336304098177,16,260,175,162,0.9143264530591446,0,1,1,30,1,382.56870152331913
0.7619001155217378,10,485,232,29,0.8917347800246338,4,2,1,40,1,188.19460604819483
0.8092809583144226,29,260,192,57,0.6385346248566999,1,1,0,23,1,243.81379234052184
0.8510251812564571,10,312,234,96,0.9704400847796022,19,1,1,21,0,228.5516744226914
0.9071184485888095,12,468,123,161,0.5621729207154351,2,6,0,49,0,390.794641204289
0.7117936419523296,30,322,160,148,0.937566809310576,18,0,1,30,0,348.04393620245327
0.9398231196727128,41,127,276,119,0.9854701248023092,17,1,1,26,0,330.68588772175144
0.8883701168472723,1,310,179,192,0.5885767616113128,21,1,1,32,0,380.3019046675694
0.7245277095846615,5,170,108,37,0.8610330321018926,17,6,1,5,0,69.15476570684837
0.9620735872320332,20,410,96,68,0.5201427593889992,13,6,1,48,1,288.5696106583687
0.9762617201595439,8,207,190,142,0.7027114125695775,23,2,1,40,0,337.14712612228647
0.7183233879564591,43,269,287,60,0.758141649598837,7,6,0,47,0,322.0841178884848
0.7830632944441611,12,157,185,158,0.7903226129548171,11,2,0,41,0,373.5870316866346
0.9418603839379184,1,249,174,21,0.9679686241242798,20,3,1,6,0,64.13407415469143
0.9244779071150975,20,56,191,59,0.8361253436470973,9,6,1,21,0,185.29802413246352
0.7553563058069132,28,484,179,141,0.7406389756096186,22,0,1,44,0,424.4241334453486
0.762804797001013,43,408,226,122,0.9048375181329447,19,1,1,42,0,408.04589399579305
0.8111416308374145,37,207,237,179,0.9752664104772044,16,0,1,25,1,421.3717067962341
0.8453568955573063,47,56,166,175,0.5110330743411454,10,4,1,13,0,391.34645466720184
0.8854764314590888,37,87,138,162,0.9912606361280194,1,6,1,17,1,337.6198054934275
0.8106740918709316,12,133,228,23,0.5430660695318401,3,1,1,15,0,131.77098809347842
0.8387604148399443,37,84,157,41,0.9071933896343807,0,0,1,20,0,181.88445843165402
0.924241281440127,49,368,37,148,0.6401673762757063,14,6,1,20,0,381.8146426880444
0.7110049608671793,49,146,59,198,0.5660898288769358,12,6,0,6,1,419.87608647071767
0.7757310833032062,44,99,11,155,0.7199278198569175,7,3,1,46,0,454.8297688084388
0.9140048757653657,28,409,248,164,0.8219782897238068,3,3,1,48,1,473.09202108716056
0.9685620513061598,47,334,130,64,0.6904759225117375,9,1,1,12,0,201.57258165182506
0.8535032326346998,15,70,16,191,0.5272827041413495,18,4,1,47,0,492.17869613974676
0.8596340455795947,6,147,20,129,0.7997305698293583,17,3,1,46,0,356.93115115016633
0.7321516034019327,44,59,212,84,0.9512016380553374,4,3,1,17,0,260.0715882633106
0.8342237100470364,20,268,47,30,0.6916076829736258,18,4,1,21,0,143.29540012137423
0.8597851799365069,14,470,139,181,0.6081663888154135,22,0,0,43,1,384.16356992192317
0.7727411510904189,2,116,232,142,0.7212886729664076,21,3,1,28,0,284.03534459663797
0.7807729692848142,9,122,115,96,0.5241813555243904,15,2,1,7,0,175.92192489973914
0.8131852489313868,37,359,164,178,0.9102437922401374,0,5,1,34,1,446.52209952061816
0.7060213593333179,20,263,268,68,0.9131704054750933,11,5,0,17,0,218.19162488904453
0.7966237496749534,26,127,229,98,0.7940002317148143,23,3,1,23,0,308.750912496579
0.7634344020989634,29,207,221,191,0.6765514444691947,1,0,1,11,1,382.94534197605145
0.7982492056533743,1,346,49,159,0.8998916822228917,20,6,1,13,1,283.6121862428593
0.7359286395457754,35,374,218,92,0.7773435123941836,7,0,1,23,1,267.19296464976264
0.9671581842219685,6,60,63,74,0.912966154275008,17,1,1,49,0,235.6979971335426
0.8780777360662146,37,254,136,73,0.8157293962915103,15,2,1,44,0,303.3842694758957
0.9037306957433469,5,412,108,80,0.8922027366063987,4,0,1,26,0,203.88997840507955
0.9367513715822015,33,435,199,13,0.7992814966088799,21,4,1,22,1,171.00788841330325
0.8495326596787172,49,44,161,152,0.7070705341078332,12,2,1,27,0,417.39029063163895
0.7260760864262271,14,311,102,113,0.9789729299630687,18,5,1,6,0,219.9309044780212
0.8611319625455643,12,419,230,159,0.7705569124394224,2,2,1,15,0,295.88399813021493
0.8760523354062637,42,78,209,184,0.8025447592702692,7,4,1,35,1,425.3576650191174
0.9236318422552989,20,358,83,102,0.6102438197073746,11,3,1,37,0,265.5648790253469
0.8294978638689038,24,329,128,183,0.8128253947136382,1,4,0,18,0,343.22527066115975
0.7382740908386691,43,430,222,151,0.7858038247414719,10,4,0,20,0,366.65986647590563
0.7851327717396173,34,477,8,187,0.5924191989735125,11,3,1,15,0,413.3808887543598
0.8089246889195905,25,58,94,157,0.5297935486765719,17,3,0,37,1,415.84131139921766
0.8937751723994803,29,414,108,187,0.8021796598573856,12,3,1,11,0,387.37431524154874
0.8712334914006735,39,83,123,121,0.8818461346751603,4,3,1,35,1,354.19809032963923
0.8068290177693538,31,201,137,170,0.7617006854610041,21,3,1,18,0,393.8852633223422
0.9959545746378939,47,270,100,128,0.6133863126598229,11,4,1,32,0,363.3785884742031
0.8817324458070661,43,365,147,68,0.8332609883465174,1,1,1,47,0,346.0678687771775
0.7711680375207983,23,79,292,52,0.5400528633048012,4,1,1,20,0,150.5084736042389
0.7305347417861211,44,99,32,21,0.7209168524009772,6,0,1,23,0,164.95775512225563
0.7458577417552996,38,269,282,49,0.5816833791992101,23,1,1,21,0,245.55230121941128
0.7737873185153524,20,135,237,127,0.5922295255299417,11,5,0,30,1,316.4233077234159
0.7482044119778667,23,240,21,29,0.6011469745791018,15,1,1,10,0,105.88060281167101
0.7559701072153917,45,304,63,175,0.693353528521989,22,4,1,47,0,515.555174173313
0.7855285506081541,16,428,94,140,0.5255751028101988,7,3,1,13,0,305.34743247114545
0.7520120785884264,42,138,203,165,0.6988967204645491,8,3,0,21,1,385.8343838380155
0.9690296273879275,8,289,30,193,0.7558537235573504,14,6,1,35,0,416.06926905884274
0.7240701236984927,21,322,29,99,0.7416471424831625,4,6,1,16,0,241.23814850814287
0.8573534168710764,1,109,271,103,0.6913920502015203,12,6,1,27,0,180.9579711854
0.8231190480968984,8,335,185,22,0.9195733040353762,4,4,1,9,0,60.0
0.9947135850725819,29,306,72,75,0.5726633462102521,10,5,1,47,0,330.34508828364153
0.7336116706504157,32,191,53,46,0.752848371890687,9,1,1,40,0,236.347915019145
0.8193566797137225,38,183,179,186,0.5310207084782772,19,4,1,40,0,485.5967579213013
0.9908411299826106,5,325,56,75,0.5355778394389549,12,0,1,7,0,148.76080902691066
0.9596521377681941,47,373,106,45,0.7869329248385482,8,3,1,28,0,269.80865540255763
0.9451216212847839,22,197,220,191,0.7830092124439105,20,6,1,21,0,366.2241702318429
0.7773708481134819,47,66,192,35,0.9390167564222285,13,2,1,43,0,283.384116819225
0.7512662762170197,34,40,61,84,0.7789368378300365,17,0,1,30,0,282.6917108372911
0.9005929659773293,1,93,51,117,0.9798955102024252,14,6,1,8,0,185.70451318650106
0.9788127967382758,26,161,163,177,0.5243474241999648,9,5,1,49,0,448.5640717944152
0.8670288679041789,43,482,178,52,0.5490038423903705,23,0,1,16,1,216.54961761651327
0.8714838068409699,10,45,246,159,0.5220329307851908,6,4,1,5,0,286.0934034210358
0.7839937280980852,30,222,286,157,0.59263842516677,7,1,1,25,0,371.7719256508859
0.930847879957581,18,423,245,17,0.770635055470839,2,3,1,23,0,132.39428503714558
0.756113124567257,17,417,9,38,0.822786090713714,14,5,1,25,0,156.03011191927953
0.797103770921273,26,373,88,49,0.5227925789743344,15,5,1,22,0,182.85628365900553
0.8276309315849251,8,115,252,167,0.9729854449227997,3,2,1,47,0,391.65059283284205
0.8522831136053365,47,423,58,137,0.9210826883251906,20,0,1,7,0,310.12796696609945
0.772722919724524,40,351,165,93,0.6483062410785465,5,2,1,48,0,375.39351183669993
0.734451047421761,49,229,230,125,0.538593765113234,0,1,1,36,0,407.62811248867695
0.8831860127324898,12,400,19,192,0.5849435366095286,3,6,1,14,0,328.48248768387725
0.7865891659720767,27,172,228,153,0.5634722068774863,10,1,0,44,1,397.57126649436805
0.8743714664267837,8,448,65,183,0.5616418896494735,11,6,1,19,0,333.2920395266162
0.7463088145822606,25,229,126,71,0.7592808443328669,4,2,1,9,0,182.2192627646717
0.8443420305564452,46,279,281,16,0.6229237212467001,22,3,1,8,1,106.33694387927193
0.8597768297654758,4,129,50,54,0.6790698582645722,20,1,1,32,0,167.4218590452332
0.715547061046728,33,403,298,196,0.9947526666921612,15,2,1,8,0,356.28836973955856
0.8009812834581761,1,345,66,193,0.8421571244626724,12,0,1,19,0,356.50964268420233
0.7403244030816922,19,409,90,185,0.9744903335235007,12,2,1,21,0,377.9065011533547
0.7190124911418303,31,191,214,164,0.5712782775165578,16,2,1,48,0,442.7490494911526
0.9969880697169835,16,488,82,190,0.6910697374162846,6,4,1,7,0,316.73445438463955
0.7967061534924169,14,115,206,97,0.7773659016411771,7,1,1,14,0,206.5580709742161
0.9429623337563904,48,226,227,82,0.538379030944369,12,3,1,46,0,345.70615768484157
0.7763921964291292,5,214,226,172,0.5020937218139789,22,3,1,27,0,381.69333105039743
0.9044508166671787,41,79,7,188,0.8352171668984587,15,4,1,22,1,449.9403942316354
0.928068357966906,26,53,10,46,0.8209097584007177,3,6,1,5,1,122.18584148142159
0.8786916221823533,28,338,97,128,0.7053944049998059,7,5,1,39,0,368.30390681904913
0.8414728565650476,2,310,12,66,0.7448220380160163,15,6,1,35,1,226.88417293171992
0.8235522742441805,6,237,239,17,0.7077215002960449,20,3,1,48,0,167.67971625407424
0.8046604799628986,9,193,112,104,0.5120025224224445,9,2,1,5,0,160.6577851805346
0.9788587432743477,33,116,165,126,0.6676858031087312,11,4,1,7,0,240.06282958134753
0.9491858223363188,41,93,213,119,0.588541127698645,11,0,1,7,0,306.94533839829217
0.9895080731999537,25,347,244,29,0.5492120945506844,4,1,1,41,0,212.67875237060164
0.7372891670456634,48,259,54,133,0.9783602169446749,15,1,1,23,0,370.32650465749396
0.9192602425610933,13,372,15,62,0.7996798625210828,0,1,1,33,0,206.5152524936188
0.9815021370463113,9,450,160,128,0.8643281421183013,8,2,1,29,0,271.64202163020633
0.754369919849698,13,30,74,21,0.6576818716330588,11,0,0,37,0,146.87398350321803
0.7199488802100332,31,205,173,186,0.6965735647470076,4,4,1,40,0,434.1793041541478
0.9223361947870177,41,187,276,26,0.6184619969483618,21,4,1,33,0,236.9998882893775
0.8723419339539735,11,426,72,73,0.5484828354827124,19,1,1,30,0,251.351223166641
0.9525486330274816,4,484,256,51,0.5895158187207918,21,0,1,8,0,109.24487924950046
0.7419317129878868,34,16,52,103,0.8987570226482429,23,0,1,18,0,246.144018135992
0.9385801935579671,38,79,188,166,0.838772902591888,2,0,1,31,0,427.93168381671217
0.7604881960143233,46,136,191,156,0.7734644379927385,4,3,1,37,0,462.29969329985084
0.7490967828597113,4,408,94,20,0.737544936433384,1,3,1,26,1,135.43333534966789
0.7492797393792978,38,475,143,107,0.9612171418280622,13,1,1,7,0,256.91737903030014
0.9443724160694147,19,169,93,187,0.5363674738893343,1,0,1,27,0,394.81035526746234
0.89955916620886,6,257,278,80,0.6403004066189579,12,5,1,25,0,206.2566735758054
0.8569196274307358,34,212,23,117,0.674968926785357,6,0,0,45,0,403.0049800995343
0.8076491452370507,18,157,158,67,0.8912129061063939,9,4,1,27,0,232.70730855642765
0.9631601622439325,13,481,264,43,0.9962573100809857,12,4,1,8,0,106.78486000753396
0.8177335322267906,41,152,112,29,0.6203352573785765,15,1,1,25,1,192.28169448419206
0.9449798318414732,23,441,289,59,0.9371536670685403,13,5,1,41,0,247.8660990251863
0.8317404725710655,19,208,63,111,0.9153113802158956,10,0,1,47,0,324.207347328954
0.8130833288274723,45,414,129,147,0.6123286988208834,9,6,1,35,0,442.5367647149077
0.8388039357008819,11,435,277,169,0.6996662900996113,5,5,1,25,0,334.74352504507124
0.7904133622492426,1,163,111,61,0.7048364346462596,3,1,1,30,0,193.30552131333508
0.9242828140528754,24,385,249,24,0.9891103342632792,20,4,1,45,0,205.77144723364336
0.8508161170277437,7,393,251,93,0.5904459506894492,0,6,1,39,0,260.95552235933275
0.7696638085440451,25,151,12,140,0.899578985552391,6,4,1,42,0,383.7223846655406
0.9698723719823705,21,322,145,46,0.6670963570865549,23,3,1,28,0,205.90484849668417
0.8151673664119634,15,174,12,135,0.8654351728880803,8,1,1,15,0,272.3155223642904
0.8630658583341966,1,323,98,49,0.7100055021478314,7,1,1,45,0,187.71589656765335
0.971941633289364,12,30,43,81,0.78917988155827,4,0,1,33,0,244.881626621582
0.8872713987741976,7,91,85,49,0.9163058866630656,18,0,1,7,1,93.1665640161674
0.7350694122125092,15,78,191,65,0.9020827824919421,9,3,1,5,0,173.37676613829063
0.9819496370840426,21,140,88,160,0.93321159176985,10,6,1,23,0,345.8011099505482
0.8883124159214253,19,96,92,113,0.5298086626723295,14,2,1,26,0,272.14061323857726
0.8004716843971258,29,227,246,148,0.8460252765198724,5,5,1,18,0,373.49601599306686
0.7417816217990162,25,430,97,119,0.5699936883608814,14,2,1,18,0,297.27779404884944
0.9382075567810888,33,481,90,145,0.7079092840092055,4,2,1,48,0,409.5645177239157
0.886021826778554,49,314,48,102,0.7742942075273442,18,1,0,20,0,295.1817188000679
0.8600383275928964,32,412,141,103,0.7013697423734153,21,5,1,37,0,338.9836596218136
0.9681677749152873,49,380,78,65,0.7598058379015038,18,1,1,17,0,247.36952602069798
0.9365791633673592,35,354,40,69,0.9982631543993096,9,5,1,42,0,317.30351085440947
0.7455024639198253,44,350,105,147,0.5676086568564274,11,4,1,16,1,343.24647398016833
0.7935166203386644,38,393,160,48,0.8377280226682128,21,1,1,42,1,288.02218249596956
0.7745467419443397,26,405,259,37,0.6980004831928076,3,1,1,43,0,191.73423317783912
0.923183887771803,11,454,175,58,0.5665048994536643,17,1,1,37,0,216.91116261482458
0.7100597304207338,35,434,220,173,0.5793683816871548,15,6,1,37,0,428.15641707978534
0.8709669054613949,8,170,174,134,0.9746365531228085,7,3,1,33,0,306.8990675866516
0.9287376057222072,46,187,256,22,0.939800748355881,3,1,1,9,0,149.94250707747844
0.9630296910285248,14,126,59,45,0.9535209802075109,22,0,1,10,0,148.27007279187393
0.8026245246147722,10,205,95,110,0.9957663879136933,11,0,0,35,0,266.91920241357906
0.9463771914016038,2,392,282,35,0.604157695004259,1,5,1,20,0,72.73913991180001
0.7331895210865621,46,499,105,95,0.6777196686820308,3,4,1,35,0,318.73892857776775
0.9539356875203555,9,336,159,13,0.8346095149624333,4,3,1,29,0,144.94871863856318
0.7382465986995946,3,95,145,91,0.7419012699303236,2,6,0,37,0,220.6001732901685
0.8191861871681101,21,298,177,175,0.7091947666891667,8,5,1,17,0,344.0610471883025
0.9391886097338661,26,90,14,136,0.6789056246677965,20,0,1,14,1,314.7915474962366
0.7449752282046321,8,161,232,97,0.7968903159717261,17,3,1,28,1,244.33142913491292
0.7687754185697924,48,70,269,136,0.7877967143200411,10,3,1,14,0,364.5741344170064
0.9166757705179198,2,70,252,129,0.58072891703212,2,4,1,45,0,291.80209033100994
0.9160109609638223,6,363,251,31,0.7358699187592195,22,3,1,35,0,157.06781824937968
0.8923442898655891,28,37,159,139,0.7767358881049249,1,1,1,17,0,342.2435433271
0.9081845333401299,29,451,38,40,0.7851434693656952,8,3,1,7,0,116.4623670773567
0.8628173330042788,26,52,133,128,0.6050535964561758,13,4,1,38,0,378.6961968677617
0.7755397176720857,25,178,164,20,0.8711356961261434,3,5,1,32,0,171.28619233879675
0.8037087980511758,12,432,93,55,0.5125995474105348,8,4,1,23,0,184.18258850111846
0.7544793150404276,5,95,97,105,0.6774159277715813,12,6,1,27,0,273.7931381404508
0.9725351684000885,34,186,245,199,0.8901063242678168,17,4,1,49,0,522.0967230209618
0.8750175384298361,48,26,121,19,0.7819464605277011,14,0,1,36,0,220.67500881261267
0.8202554250290919,37,107,98,177,0.6305812162554301,9,1,1,17,0,401.7412550425046
0.8386017410932398,15,463,167,137,0.8474765596715239,15,0,1,37,0,333.2640030943799
0.9841850018835445,44,207,103,161,0.7836954720780367,11,5,1,38,0,448.9673370557078
0.746005420934824,36,107,117,108,0.8981218047281936,19,2,1,37,0,319.96314081150456
0.8758689496050391,15,74,95,181,0.8675125930949117,4,5,1,9,0,329.0818934682459
0.8517666036653397,43,339,210,121,0.8050539610181173,1,1,1,7,0,312.2858615657753
0.8834362706303943,48,350,21,69,0.744088837655407,9,3,0,11,0,226.52460554869884
0.7054330551462521,23,14,278,199,0.5665910628337617,0,4,1,28,1,450.3738087769862
0.9616371726832454,6,11,177,96,0.6306665089426919,6,2,1,26,0,295.8685906134181
0.9796354847450837,46,31,120,154,0.7095497364585426,16,1,1,49,1,469.4210537037757
0.8695399550767626,44,121,185,74,0.7996496435031943,15,0,1,27,0,292.2838431248397
0.9089952471630677,43,66,95,66,0.7568539276076525,23,4,1,34,1,296.5372516976411
0.9767498143531888,45,75,86,192,0.6440922629797647,2,5,0,22,1,448.50207318348157
0.9121715902940195,21,339,118,115,0.5032321788948553,13,0,1,36,0,338.25792048317794
0.7457617128742784,23,107,261,190,0.7481196109504069,9,1,1,11,0,359.03809936254675
0.872886508050044,43,153,62,193,0.6428129942811216,21,1,1,37,0,473.24911799450916
0.8820145139148567,16,377,158,18,0.8673041503552675,6,5,1,9,0,60.0
0.8272392013907157,47,444,120,31,0.5119731326352417,16,2,0,32,0,229.64483013826342
0.9209332706874168,15,134,270,150,0.7924139056528954,5,5,1,12,0,309.02868330270735
0.9803101044307044,25,176,207,98,0.9707371187530327,22,3,1,19,0,235.20405777613738
0.9776705538720329,36,95,45,185,0.5872046335557497,21,0,1,8,0,378.4335579306551
0.8352518114212396,11,85,109,27,0.7358247453752977,3,2,0,38,1,174.03780272938138
0.7339714137522265,15,353,197,124,0.5457109959085691,16,4,1,9,0,230.58563753914805
0.9954523596887004,4,433,282,177,0.8128409561306763,8,6,0,37,1,347.43919340493466
0.9516694259337802,21,303,241,154,0.7752658402981127,3,3,1,9,0,327.2570939824157
0.73739880436098,13,453,225,152,0.7036827621064161,6,2,1,42,0,390.3438106076676
0.9762525647852117,22,68,72,115,0.7606885107368706,22,6,1,38,0,383.8057565541852
0.9609689086186385,19,147,201,24,0.9482873292345051,1,6,1,30,0,185.58826027915083
0.8556514171378216,34,108,260,72,0.5981471511555335,16,0,1,5,0,217.81087957297095
0.8773826307234788,14,201,143,176,0.5112822558526736,23,1,1,8,0,281.012925379532
0.8197008111610391,4,252,153,22,0.9308324423495504,7,4,1,43,0,134.6632927087688
0.7164284916466094,48,328,103,90,0.7885585411939533,22,5,1,30,0,321.84624122105174
0.8005591724937703,46,58,80,41,0.9453292277309212,14,0,1,37,0,241.53769153037376
0.9408560345794035,27,457,286,146,0.7984726117065863,14,3,0,37,0,370.3742630631195
0.7013896069013809,29,41,113,49,0.9050805449798512,7,6,1,12,0,218.02528360249937
0.8000497515073433,47,400,192,157,0.714836681677574,15,3,1,24,0,425.29752343363725
0.819450608077283,28,286,203,91,0.8749299656441344,18,6,1,20,0,233.7868891533641
0.8612186808813769,35,29,158,86,0.9565207334449279,10,1,1,25,0,226.6775897286025
0.9759566849238281,8,163,44,85,0.7860614818611031,1,1,1,49,0,270.10125323791897
0.8039037983097883,16,392,137,181,0.5903925752811898,22,4,1,30,0,382.35611114122554
0.8040859605688683,42,77,136,47,0.634398807515099,23,5,1,27,0,229.0747266147985
0.9212503744329246,36,375,283,197,0.5993222884487028,16,4,1,22,0,407.91907497846756
0.8356653822669421,30,381,88,80,0.6234285137978665,15,1,1,35,0,307.5970118466159
0.7673814468819946,18,223,246,57,0.6532077246755181,14,1,0,46,0,245.27078412283493
0.835731854839808,2,152,120,27,0.7775668933765942,12,3,1,16,0,105.4715534520542
0.7422571061139399,49,385,113,153,0.7939958147319164,14,1,1,5,1,343.57774843782045
0.7529160959518669,13,241,225,192,0.7132498736209305,3,2,1,46,0,470.76954110172085
0.8495103318218439,4,222,45,48,0.8077103899104177,15,6,1,13,0,114.2415934311391
0.8256776348513644,26,88,151,196,0.540787462805683,11,0,1,7,0,348.5002712268406
0.97445377032043,25,223,116,98,0.54389411852908,3,1,0,30,1,275.0282559179607
0.8087181697349899,30,125,107,71,0.5859147301788292,2,4,0,13,1,193.81029771284392
0.874176505083413,11,101,50,150,0.7590387490201724,21,5,1,46,1,426.2910110315247
0.8896792863758591,7,279,275,118,0.6069973393491568,16,6,1,20,1,252.53010543678576
0.7039283369765,31,420,199,90,0.6416422017462886,21,6,1,28,0,281.0926562940775
0.8990612116050132,44,390,284,143,0.700156418086497,17,5,1,18,0,374.140530814171
0.7534107900609254,10,498,287,86,0.90593306200519,17,5,1,7,0,169.99860290491742
0.9883210952408366,39,177,44,197,0.5069310679564301,22,6,1,38,0,509.9335263862874
0.7445988183259339,13,67,193,99,0.8246894101183112,16,2,1,37,0,278.0584447859777
0.8243872371181071,31,293,168,23,0.8344382655203426,11,4,1,28,0,171.0272049917462
0.7256049004235932,7,35,28,104,0.8993278901783183,22,2,1,13,0,189.39453007970343
0.9990622755537841,49,378,28,63,0.9663764695301567,20,1,1,17,0,280.50094660101405
0.8506585030993727,42,456,8,141,0.5100689244746449,23,0,1,6,1,312.1035035246879
0.8786155051960132,42,75,294,48,0.576891852756608,3,5,1,11,0,165.5191508075701
0.7201229432165283,36,418,185,81,0.9430856470279965,11,4,1,25,0,272.43654443958434
0.9249881411197534,20,257,252,34,0.7292592810935077,22,5,1,23,1,146.9989224587312
0.7629716779286757,4,263,120,86,0.7822953194667317,21,2,1,29,0,216.2079753709214
0.9694162868322141,7,396,283,169,0.8315136018615736,20,3,1,26,0,351.71506863455437
0.7615418921446021,1,465,73,196,0.8395333022478186,19,1,1,15,1,371.419704805082
0.7572063161991,44,53,258,175,0.9658702016582541,14,0,1,37,0,463.5317071634608
0.7109649003544284,45,106,185,129,0.9984747087058348,22,1,1,36,1,377.27926459089696
0.8416200835329998,42,51,173,62,0.8600787304654701,15,3,1,25,0,241.90170315411544
0.8694523399787849,47,236,253,165,0.6436106046025754,4,0,1,43,0,483.6289437382094
0.7197125918285057,13,271,192,140,0.9398762011471717,20,3,1,24,0,268.8331816842612
0.9326582850085032,22,176,58,159,0.5246104572703808,14,1,1,12,0,297.6463544740782
0.8359866504244082,21,445,142,105,0.6155404264372482,16,2,1,46,0,341.7529215239468
0.857317080798274,22,288,172,175,0.9486928587318575,17,6,0,41,1,395.36660845250503
0.8322288240814684,28,98,107,81,0.6280957572196775,4,1,1,13,0,210.2496424173027
0.8202289182625978,9,388,89,71,0.6103255298108743,12,1,1,29,0,201.93469928684968
0.8678920993924654,26,187,216,194,0.5690626465701236,18,1,1,29,1,447.54897044151335
0.7465720737792138,9,436,7,15,0.9295558788234582,12,4,1,37,0,146.49435333761602
0.7545784391485812,15,412,183,41,0.7500291295955434,17,3,1,6,0,133.23382765206094
0.9585356863040552,10,206,42,108,0.8374466015270774,13,3,1,23,0,252.57746046476123
0.9838346386400898,24,316,243,147,0.6195331920375149,3,5,1,24,0,376.02902261618533
0.8119927948839258,42,276,173,140,0.8790202105056082,3,3,1,46,0,404.25022071216455
0.781223401943066,8,277,34,196,0.8800027724810493,19,5,1,45,0,477.34253682535956
0.8931998629717047,24,83,194,85,0.6562990124541501,19,4,1,46,0,305.2774568754122
0.822620251329429,16,17,29,186,0.7053413165051414,18,2,1,33,1,439.47899402452816
0.7076159066981034,49,417,116,68,0.6048451387151004,12,5,1,10,0,253.7046939977033
0.7468457792098571,26,485,210,40,0.9882805116614521,11,1,1,21,0,117.96184318434649
0.9147916686542192,27,306,189,102,0.8228012885292058,6,2,1,29,0,303.58336420639677
0.8976771825730454,37,173,51,78,0.9672719403577578,11,6,1,42,0,336.95239525615796
0.708128797751045,4,494,232,199,0.6516927718145666,20,4,1,8,0,357.07185473342236
0.7665916485798848,24,94,43,61,0.8909454564984449,3,3,1,34,0,217.96725628441155
0.7693224389764214,19,81,20,98,0.8829293219423711,1,5,1,24,1,268.8068579402846
0.9015678230796185,36,64,26,136,0.8458278259332708,1,1,0,7,1,300.90147357331455
0.7059131613263092,39,402,217,178,0.9828194876334002,4,0,1,27,0,434.6281793393265
0.7312325745953722,10,56,153,40,0.6967776680531578,22,6,0,22,0,165.97872973186037
0.9399748256119568,25,408,245,93,0.5653586617948787,9,0,1,30,0,302.63419705452867
0.7535633986163001,18,441,276,136,0.8358544296220304,9,2,1,40,0,346.88514090471057
0.8958238323555624,19,247,63,159,0.864654900238603,8,3,1,12,0,317.8083866369331
0.771454834314018,36,113,291,141,0.7875302867294074,12,0,1,21,0,347.32270634424253
0.7298324178278035,10,219,206,22,0.6034089465666981,6,2,1,35,0,153.2129475546069
0.7729516572998362,33,51,36,54,0.7522279708346777,4,4,1,41,0,267.1244957766192
0.9166800795566977,5,325,166,136,0.6560948682845646,9,2,1,49,0,364.91974484113274
0.9567089404318857,47,477,259,179,0.7137332640833445,9,6,1,37,0,461.4603679506547
0.9490659593700974,49,463,258,123,0.8226092879223319,5,2,1,31,0,393.1607355706176
0.8191550588855364,35,277,13,186,0.8726073713454172,18,6,1,49,0,521.386165765837
0.9004255409711939,44,395,143,29,0.6161123454506716,20,2,0,8,1,139.08846888828208
0.7614952886247462,34,272,14,90,0.7026626803234767,7,1,0,26,0,307.36659775878246
0.787944319078304,33,345,218,191,0.6345807854958145,0,2,1,30,0,426.1261315154772
0.9689007455563359,21,396,277,173,0.5993158069309346,16,5,1,36,0,427.4557382337957
0.7039005770532207,17,374,52,138,0.8916936099979191,6,2,1,28,0,351.32957621181134
0.7256525592563404,22,268,115,152,0.9546263472184962,13,1,1,39,0,387.1097860784032
0.7623658765438082,48,292,157,26,0.6851160928422884,20,1,1,41,0,241.79004516032444
0.7079596611621459,37,123,127,161,0.8756394621868835,20,4,1,36,1,411.7263400457674
0.7544306305269391,15,372,106,67,0.9484976446822055,16,6,1,11,0,170.73713731297713
0.8749124682909076,35,49,245,81,0.9230621052651158,8,3,1,37,0,341.7930882481993
0.8264273651777494,28,495,195,118,0.591406694269613,16,0,1,35,0,304.1453431792658
0.9678015133230924,7,426,221,32,0.9781459407566806,4,0,1,16,0,112.00483929623955
0.9452330685215322,32,229,55,183,0.6883382202147312,19,2,1,15,0,381.73855701805974
0.8025452055093627,11,138,296,81,0.6696203305869182,7,4,1,28,0,218.3695647646378
0.7778270300293877,10,17,85,17,0.5312156636388902,5,2,1,12,1,79.8843611654277
0.8139077224501801,9,110,92,68,0.7430868270524416,10,0,1,36,0,217.15606356301845
0.8770884827544423,14,425,198,120,0.5545068078204644,18,6,1,42,0,358.8631082372482
0.7804190922468628,13,389,108,196,0.624269910463713,3,6,1,26,0,424.84987613333453
0.8872446723547402,25,185,275,22,0.6584713108836406,17,6,1,38,0,198.76270542294046
0.8228234956573721,2,116,100,176,0.904413161745842,0,1,1,23,0,334.17709973027416
0.8656141542555941,35,110,202,165,0.9377443251979483,12,3,0,24,0,379.6392665474587
0.830837958740595,7,269,5,198,0.6512331587307348,13,4,1,18,0,366.80562675505354
0.7883397278625752,21,487,171,25,0.929349060622287,23,1,1,37,0,227.4566205773525
0.984535992088647,18,463,130,128,0.9286154686848955,0,3,1,14,0,267.9253152759728
0.9290817382479282,3,375,85,11,0.8823254751924368,10,4,1,20,0,65.7113520394748
0.7420339527299358,42,255,255,154,0.5733475570075908,16,4,1,8,1,331.04476217306296
0.9605403927693739,39,284,173,39,0.8451614234503645,3,0,1,31,0,244.5693992353776
0.846229359474854,41,41,77,112,0.9725120322902844,11,1,1,32,0,331.6452659190479
0.9683656680682274,49,146,145,22,0.8412702393835785,9,4,1,47,0,271.32587810674954
0.9399565767841945,11,21,74,105,0.665808424553917,5,5,1,20,0,248.95766270325478
0.82756405134077,39,404,266,103,0.7502896587154156,0,6,1,37,0,330.66274287893947
0.7067407924960352,24,311,249,91,0.8228625216755268,6,4,1,23,0,218.21188558469896
0.7806032078154838,46,384,7,22,0.7552852043642517,20,3,0,25,0,178.57229072293796
0.86249026439826,19,25,67,180,0.5599764708654849,15,0,1,26,0,368.8246698225405
0.8900434659478442,4,138,53,103,0.6560320223260103,23,2,1,13,0,196.92345388286716
0.7773663056299607,26,72,80,158,0.9011980152768162,13,6,1,13,0,328.88599322790554
0.7418068222218472,38,118,179,121,0.9307090230477587,22,0,1,13,0,312.9740259475422
0.9504790710397897,42,384,113,64,0.5686500163577851,19,2,1,31,0,248.45487982670585
0.9953206542110656,32,30,187,90,0.9761933761993623,19,1,0,21,1,275.5657374141435
0.8577070546908057,39,167,196,177,0.6644113089243047,5,1,1,48,0,480.081529777004
0.7515037857544911,45,278,69,125,0.8311568693653599,21,4,1,49,0,388.7890540223631
0.7816921979558107,46,171,275,152,0.8759125729783406,4,5,1,12,0,356.2714731876841
0.70551720296424,36,269,104,189,0.9059731173189417,23,1,1,20,0,441.82535102999935
0.9742896419681497,40,421,36,117,0.972874851112965,20,4,0,22,0,339.16229103316965
0.7353253248670423,37,111,132,62,0.6564597740144114,17,6,1,37,1,276.47459177955864
0.8729549426542761,33,232,47,137,0.9292532272757772,14,0,1,5,0,309.015412322575
0.7822165662061618,36,68,82,189,0.5658434517181035,5,1,1,16,0,407.3444536109461
0.866253400754738,3,256,293,167,0.8525204531767964,18,0,1,10,0,306.1237765564488
0.8954261165055593,9,137,274,170,0.870988864756993,0,0,1,45,0,374.76795330062396
0.9489225411121605,8,292,166,66,0.8388616206006603,0,5,0,9,1,117.0065436947947
0.7619263815281809,33,334,193,61,0.6261573680675765,12,1,1,20,0,232.08071971145438
0.7032987485975442,6,34,251,146,0.9365215735076017,2,0,1,22,0,327.78564988689646
0.7410656890206422,41,140,220,191,0.5844292316851976,9,5,0,22,1,442.8459146182501
0.9700055925544315,39,362,172,120,0.5268173957604154,20,5,1,5,0,263.0532625324839
0.9621670232687546,4,205,197,10,0.8587324953059561,2,1,1,23,0,74.98968282853421
0.8792239306510925,13,290,287,53,0.7377378576163669,8,5,1,12,0,135.19369672810384
0.880155058130096,49,413,17,84,0.9245490099793381,7,1,1,7,1,269.2727398343353
0.8995110023638766,2,427,244,107,0.6916985705291294,2,1,1,29,0,244.6494592342521
0.7526113835870348,5,163,151,18,0.5841392942538564,12,2,1,9,0,84.95522482774838
0.974323583777488,44,391,208,41,0.9182210962349349,5,0,1,44,0,294.5514625090909
0.825631157467622,27,142,84,24,0.7744548158200358,12,3,0,23,0,193.27851600853987
0.8149415584748492,32,236,47,149,0.5945978961951774,22,1,1,22,0,357.5052374307302
0.8556753115848512,21,198,93,194,0.8601919992932229,19,0,1,35,0,437.0080727763592
0.7140897900325165,8,485,152,145,0.7555568192447503,19,6,1,37,1,366.4534421136054
0.7498850106268238,38,486,99,81,0.80215649112016,11,5,1,22,0,244.79474409403963
0.9214100849279111,8,274,155,164,0.7304491691032909,12,4,1,43,0,382.11966045778126
0.7248396003775379,3,381,6,199,0.9143544919090032,1,1,1,20,0,330.89990508940303
0.8809456328399164,44,495,26,21,0.9147813578415249,20,5,1,20,1,154.4135088190401
0.7736047329043962,3,443,11,74,0.8546944109121931,23,5,1,42,0,281.4674375945962
0.8167886842125929,22,143,210,116,0.5527006886982311,22,5,1,45,1,366.846291472814
0.7866081210312099,6,220,118,51,0.9194269309520344,15,5,1,11,0,94.08596834054131
0.8067018149394847,2,69,276,199,0.8355064902664548,22,5,1,18,0,380.3965798925411
0.9157137715552737,23,437,87,124,0.8485120830021498,5,1,1,47,1,358.92604907609314
0.7891365146869525,44,386,183,148,0.6814914202019358,18,6,1,29,0,409.81901216666796
0.8699213920890692,2,404,214,112,0.9396397780785033,20,3,1,36,0,292.52027208791344
0.8428151206597299,38,459,128,180,0.8626858001174287,12,2,1,42,0,505.299814001654
0.8991013496087944,17,440,117,104,0.5562952332645972,16,5,1,26,0,257.2454049899909
0.9810489217974274,35,373,16,26,0.7038890172030814,22,5,1,20,0,154.1954122563993
0.9197716291630751,34,373,130,169,0.9431901809800709,8,2,1,33,0,366.71914970483084
0.764482113577227,23,466,57,94,0.5235983508486894,16,6,1,20,1,244.56453746613656
0.7093549405183853,30,222,287,177,0.9807083098210247,1,6,1,16,0,388.00659663968463
0.7786792132899475,8,225,144,160,0.8395812841597814,18,1,1,21,0,336.23947670538945
0.8785233792100764,22,235,101,65,0.8156879888216884,18,0,1,41,0,289.54798759257517
0.7154277440452751,44,479,9,143,0.6352796282439956,23,4,1,31,0,401.29611483996786
0.8489098741603709,36,140,61,95,0.6243958943695885,6,4,1,29,0,311.5956223647833
0.8790528546750668,5,85,73,187,0.9710291097442978,21,0,1,17,0,342.86240881427227
0.8002731672450882,13,485,122,111,0.6491362271170613,9,1,0,12,0,242.649096711058
0.9312736611237465,29,295,63,174,0.8877526483594997,9,4,1,9,0,327.3151528580002
0.7319794759401315,31,483,37,63,0.6965608991035396,19,6,1,16,0,176.33070338169497
0.7225413345207425,47,286,54,186,0.569627035392352,8,2,1,45,0,491.4252398111743
0.918456626861081,16,165,23,124,0.5053576488476794,16,0,1,7,0,243.27247435173314
0.8486473948618596,42,257,218,148,0.7721286685076254,14,6,0,39,0,396.99150668389507
0.9065207189283209,30,227,201,97,0.9878894092744663,1,3,1,37,1,303.8351168079162
0.8304482015811239,16,199,51,58,0.6845680969046022,3,1,1,26,0,184.97411433929668
0.773920609971732,12,426,171,158,0.6785961669965224,18,0,0,48,0,420.6364242193091
0.94573069530226,17,478,293,124,0.672045808924721,16,4,1,13,0,272.2019092106076
0.9398247636906938,16,172,145,72,0.7602719186524292,4,1,1,45,0,276.40972184517835
0.908408941256328,12,189,88,113,0.7203324417121468,6,2,1,22,0,268.52129763275116
0.7816435411689888,8,43,186,92,0.9399573133635073,17,1,1,33,0,262.4158088793394
0.8770692000607261,20,50,83,112,0.7527603958617451,20,1,1,43,0,329.72760885734056
0.808292169082008,3,316,219,165,0.7538789190942844,21,2,1,31,0,335.65001387224544
0.7274746219979902,16,440,18,26,0.5691857973602783,6,5,1,40,0,221.73372831244743
0.9751940726386729,30,347,219,15,0.9913697704551929,16,2,1,49,0,179.71744390395352
0.7410455892756884,45,323,132,156,0.6249864454344148,6,6,1,21,0,372.17393262125495
0.9850712061462408,23,84,252,193,0.5366820337298013,3,1,1,38,0,445.4243495718019
0.8338017318873867,28,450,33,37,0.8315731244876043,7,2,1,7,0,143.69902854638693
